PLAYER,TEAM,AGE,GP,W,L,MP,MIN,PTS,T.PTS,FGM,FGA,FG%,3PM,3PA,3P%,FTM,FTA,FT%,OREB,DREB,REB,T.REB,AST,T.AST,TOV,T.TOV,STL,T.STL,BLK,T.BLK,PF,T.PF,FP,DD2,TD3,+/-,Play2019,Play2020
Stephen Curry,GSW,32,28,15,13,33.71428571,944,30.14285714,844,282,565,49.9,140,321,43.6,140,150,93.3,12,136,5.285714286,148,5.857142857,164,3.214285714,90,1.178571429,33,0.071428571,2,1.892857143,53,1282.6,5,0,60,1,0
Luka Doncic,DAL,21,27,13,14,35.2962963,953,29.07407407,785,271,571,47.5,65,194,33.5,178,224,79.5,24,209,8.62962963,233,9.407407407,254,4.222222222,114,1,27,0.666666667,18,2.185185185,59,1466.6,14,7,11,0,1
Bradley Beal,WAS,27,23,8,15,35.2173913,810,33.08695652,761,265,557,47.6,59,173,34.1,172,193,89.1,32,88,5.217391304,120,4.434782609,102,3.130434783,72,1.391304348,32,0.52173913,12,2.565217391,59,1118,1,0,-97,1,0
Zach LaVine,CHI,25,26,11,15,35.65384615,927,28.15384615,732,261,507,51.5,93,216,43.1,117,137,85.4,21,123,5.538461538,144,5.192307692,135,3.807692308,99,1.038461538,27,0.461538462,12,2.615384615,68,1125.3,2,0,-71,0,0
Damian Lillard,POR,30,25,15,10,35.8,895,29.24,731,223,499,44.7,100,262,38.2,185,198,93.4,10,98,4.32,108,7.32,183,3.12,78,1.04,26,0.24,6,1.52,38,1153.1,3,0,71,1,1
Giannis Antetokounmpo,MIL,26,26,15,11,33.42307692,869,27.96153846,727,268,476,56.3,29,103,28.2,162,254,63.8,47,251,11.46153846,298,5.730769231,149,3.615384615,94,1.115384615,29,1.307692308,34,3.115384615,81,1403.1,18,4,194,1,1
LeBron James,LAL,36,28,21,7,34.57142857,968,25.5,714,261,524,49.8,72,189,38.1,120,169,71,17,207,8,224,7.964285714,223,3.678571429,103,1.071428571,30,0.5,14,1.607142857,45,1346.3,12,3,215,1,1
Nikola Jokic,DEN,25,26,15,11,35.84615385,932,26.53846154,690,266,472,56.4,37,97,38.1,121,141,85.8,79,220,11.5,299,8.692307692,226,3.461538462,90,1.538461538,40,0.653846154,17,3.038461538,79,1468.8,25,6,141,1,1
Julius Randle,NYK,26,29,14,15,36.72413793,1065,23.10344828,670,232,487,47.6,52,128,40.6,154,192,80.2,41,278,11,319,5.620689655,163,3.206896552,93,0.75862069,22,0.206896552,6,3.137931034,91,1288.3,18,1,38,0,0
Nikola Vucevic,ORL,30,28,10,18,33.42857143,936,23.67857143,663,263,545,48.3,75,174,43.1,62,76,81.6,58,262,11.42857143,320,3.392857143,95,1.678571429,47,1.107142857,31,0.571428571,16,1.714285714,48,1283.5,19,0,-226,1,0
Joel Embiid,PHI,26,22,17,5,32.31818182,711,29.63636364,652,207,381,54.3,26,65,40,212,249,85.1,43,194,10.77272727,237,2.818181818,62,3.318181818,73,1.272727273,28,1.227272727,27,2.454545455,54,1121.4,14,0,162,1,1
Trae Young,ATL,22,25,11,14,34.64,866,25.92,648,183,439,41.7,55,151,36.4,227,257,88.3,18,79,3.88,97,9.32,233,4.12,103,0.72,18,0.28,7,2.08,52,1085.9,12,0,86,0,1
Donovan Mitchell,UTA,24,26,21,5,33.61538462,874,24.19230769,629,215,502,42.8,89,227,39.2,110,131,84,24,87,4.269230769,111,5.076923077,132,2.961538462,77,0.769230769,20,0.346153846,9,2.230769231,58,970.2,1,0,165,0,1
Jaylen Brown,BOS,24,24,12,12,33.16666667,796,26,624,240,468,51.3,56,137,40.9,88,117,75.2,31,105,5.666666667,136,3.375,81,2.666666667,64,1.291666667,31,0.625,15,2.875,69,982.7,4,0,29,0,0
Brandon Ingram,NOP,23,26,11,15,35,910,24,624,217,466,46.6,66,169,39.1,124,143,86.7,16,125,5.423076923,141,4.692307692,122,2.346153846,61,0.615384615,16,0.961538462,25,1.692307692,44,1038.2,4,0,-16,0,1
Jerami Grant,DET,26,27,8,19,36.25925926,979,23.03703704,622,206,474,43.5,68,177,38.4,142,162,87.7,23,122,5.37037037,145,3.037037037,82,1.666666667,45,0.814814815,22,1.222222222,33,2.703703704,73,1039,3,0,-18,0,0
Kawhi Leonard,LAC,29,23,17,6,34.43478261,792,26.73913043,615,224,437,51.3,44,113,38.9,123,140,87.9,19,116,5.869565217,135,5,115,1.826086957,42,1.782608696,41,0.608695652,14,1.47826087,34,1072.5,4,0,240,1,1
Zion Williamson,NOP,20,25,11,14,32.68,817,24.36,609,235,387,60.7,4,13,30.8,135,190,71.1,62,108,6.8,170,2.92,73,2.32,58,0.96,24,0.76,19,2.64,66,993.5,6,0,0,0,0
De'Aaron Fox,SAC,23,26,12,14,33.07692308,860,23.23076923,604,219,460,47.6,48,140,34.3,118,171,69,18,68,3.307692308,86,6.807692308,177,3.115384615,81,1.230769231,32,0.5,13,2.692307692,70,1026.7,5,0,-89,0,0
Malcolm Brogdon,IND,28,28,14,14,35.85714286,1004,21.21428571,594,224,512,43.8,71,188,37.8,75,83,90.4,20,111,4.678571429,131,6.535714286,183,1.964285714,55,1.285714286,36,0.25,7,1.785714286,50,1099.7,2,0,-3,0,0
Domantas Sabonis,IND,24,28,14,14,36.07142857,1010,20.96428571,587,224,428,52.3,28,79,35.4,111,158,70.3,77,243,11.42857143,320,5.571428571,156,3.392857143,95,0.928571429,26,0.642857143,18,3.535714286,99,1242,22,2,-58,0,1
Gordon Hayward,CHA,30,26,13,13,35.46153846,922,22.26923077,579,210,432,48.6,57,135,42.2,102,118,86.4,24,118,5.461538462,142,3.846153846,100,2.115384615,55,1.115384615,29,0.423076923,11,1.884615385,49,964.4,1,0,15,0,0
Malik Beasley,MIN,24,27,7,20,32.33333333,873,20.92592593,565,207,452,45.8,92,229,40.2,59,69,85.5,26,111,5.074074074,137,2.555555556,69,1.518518519,41,0.777777778,21,0.185185185,5,1.592592593,43,869.9,0,0,-147,0,0
Kyrie Irving,BKN,28,20,12,8,35.35,707,28.25,565,213,399,53.4,61,138,44.2,78,85,91.8,18,74,4.6,92,5.65,113,2.4,48,1.05,21,0.75,15,2.95,59,904.9,2,0,131,1,0
Khris Middleton,MIL,29,27,16,11,32.81481481,886,20.66666667,558,205,402,51,67,151,44.4,81,90,90,20,136,5.777777778,156,6.037037037,163,2.444444444,66,1,27,0.148148148,4,2.703703704,73,1016.7,6,0,179,1,1
Kevin Durant,BKN,32,19,12,7,35.78947368,680,29,551,188,359,52.4,49,113,43.4,126,145,86.9,7,132,7.315789474,139,5.263157895,100,3.526315789,67,0.736842105,14,1.421052632,27,2.263157895,43,923.8,6,0,159,1,0
James Harden,BKN,31,23,12,11,37.69565217,867,23.86956522,549,169,358,47.2,68,179,38,143,160,89.4,18,150,7.304347826,168,11.30434783,260,4.391304348,101,1.043478261,24,0.782608696,18,2.304347826,53,1165.6,18,5,40,1,1
Collin Sexton,CLE,22,24,8,16,35.29166667,847,22.75,546,202,417,48.4,35,86,40.7,107,133,80.5,18,43,2.541666667,61,4.25,102,2.458333333,59,1.083333333,26,0.166666667,4,2.916666667,70,803.2,0,0,-111,0,0
Devin Booker,PHX,24,22,15,7,35.18181818,774,24.5,539,197,399,49.4,47,129,36.4,98,119,82.4,4,79,3.772727273,83,4.272727273,94,3.590909091,79,0.863636364,19,0.318181818,7,3.272727273,72,778.6,1,0,66,0,1
Jayson Tatum,BOS,22,21,11,10,35.33333333,742,25.61904762,538,198,440,45,59,145,40.7,83,95,87.4,12,137,7.095238095,149,4.476190476,94,2.333333333,49,1.238095238,26,0.428571429,9,1.857142857,39,913.8,5,0,78,0,1
Fred VanVleet,TOR,26,27,12,15,36.33333333,981,19.92592593,538,182,443,41.1,87,232,37.5,87,96,90.6,19,95,4.222222222,114,6.592592593,178,2,54,1.703703704,46,0.703703704,19,2.222222222,60,1082.8,3,0,86,0,0
Terry Rozier,CHA,26,26,12,14,33.34615385,867,20.57692308,535,194,396,49,89,200,44.5,58,73,79.5,15,91,4.076923077,106,3.038461538,79,1.730769231,45,1.269230769,33,0.461538462,12,1.961538462,51,870.7,0,0,-48,0,0
Anthony Davis,LAL,27,23,17,6,32.82608696,755,22.52173913,518,204,383,53.3,17,58,29.3,93,130,71.5,47,146,8.391304348,193,3.043478261,70,1.956521739,45,1.347826087,31,1.782608696,41,1.826086957,42,1025.6,8,0,135,1,1
Tobias Harris,PHI,28,25,17,8,34.36,859,20.68,517,199,383,52,45,106,42.5,74,82,90.2,32,154,7.44,186,3.04,76,2.12,53,0.8,20,0.8,20,2.12,53,921.2,6,0,123,0,0
Jordan Clarkson,UTA,28,28,23,5,25.96428571,727,18.21428571,510,187,405,46.2,90,234,38.5,46,48,95.8,25,90,4.107142857,115,2.071428571,58,1.857142857,52,0.928571429,26,0.25,7,1.428571429,40,782,0,0,143,0,0
DeMar DeRozan,SAS,31,25,15,10,33.4,835,19.8,495,164,336,48.8,16,48,33.3,151,169,89.3,19,106,5,125,6.88,172,1.64,41,0.76,19,0.32,8,1.76,44,943,3,0,-19,0,0
Bam Adebayo,MIA,23,25,11,14,33.56,839,19.76,494,182,319,57.1,2,5,40,128,152,84.2,48,187,9.4,235,5.28,132,3,75,1,25,1,25,2.48,62,1049,14,0,-22,0,1
Pascal Siakam,TOR,26,24,10,14,35.66666667,856,20.5,492,183,397,46.1,29,96,30.2,97,122,79.5,50,131,7.541666667,181,4.458333333,107,2.25,54,1.166666667,28,0.625,15,3.166666667,76,944.7,7,1,32,0,1
Andrew Wiggins,GSW,25,28,15,13,32,896,17.5,490,187,401,46.6,52,141,36.9,64,96,66.7,27,103,4.642857143,130,2.178571429,61,1.678571429,47,0.714285714,20,1.357142857,38,2.428571429,68,864.5,0,0,-1,0,0
John Collins,ATL,23,27,11,16,31.7037037,856,18.11111111,489,193,355,54.4,39,95,41.1,64,75,85.3,59,147,7.62962963,206,1.555555556,42,1.37037037,37,0.481481481,13,1,27,3.333333333,90,882.2,7,0,61,0,0
Paul George,LAC,30,20,16,4,34,680,24.35,487,168,331,50.8,75,157,47.8,76,84,90.5,13,111,6.2,124,5.45,109,3.6,72,1.2,24,0.45,9,2.25,45,826.3,3,0,200,0,0
RJ Barrett,NYK,20,29,14,15,33.96551724,985,16.51724138,479,182,426,42.7,30,99,30.3,85,115,73.9,39,140,6.172413793,179,3.137931034,91,1.862068966,54,0.724137931,21,0.172413793,5,2.482758621,72,854.3,3,0,31,0,0
Shai Gilgeous-Alexander,OKC,22,21,9,12,33.76190476,709,22.57142857,474,167,330,50.6,39,102,38.2,101,131,77.1,14,102,5.523809524,116,6.523809524,137,2.952380952,62,0.857142857,18,0.666666667,14,2.047619048,43,852.7,3,0,-101,0,0
Tim Hardaway Jr.,DAL,28,27,13,14,30.55555556,825,16.66666667,450,158,360,43.9,83,211,39.3,51,65,78.5,6,80,3.185185185,86,1.592592593,43,0.925925926,25,0.666666667,18,0.148148148,4,1.592592593,43,658.7,0,0,-29,0,0
Jamal Murray,DEN,23,24,15,9,34.79166667,835,18.54166667,445,165,373,44.2,50,147,34,65,81,80.2,16,81,4.041666667,97,4.416666667,106,2.041666667,49,1.041666667,25,0.25,6,2.208333333,53,764.4,0,0,151,0,0
Bojan Bogdanovic,UTA,31,28,23,5,31,868,15.60714286,437,144,341,42.2,74,188,39.4,75,87,86.2,14,100,4.071428571,114,2.142857143,60,1.464285714,41,0.392857143,11,0.035714286,1,1.535714286,43,658.8,0,0,225,0,0
Andre Drummond,CLE,27,25,9,16,28.88,722,17.48,437,180,380,47.4,0,8,0,77,129,59.7,101,236,13.48,337,2.56,64,3.24,81,1.6,40,1.16,29,2.76,69,1063.4,18,0,-108,0,0
Buddy Hield,SAC,28,27,12,15,34.81481481,940,16.11111111,435,144,382,37.7,106,281,37.7,41,47,87.2,10,120,4.814814815,130,3,81,1.962962963,53,0.888888889,24,0.333333333,9,2.740740741,74,758.5,1,0,-89,0,0
Harrison Barnes,SAC,28,27,12,15,35.11111111,948,15.77777778,426,142,296,48,45,116,38.8,97,115,84.3,29,139,6.222222222,168,3.37037037,91,1.407407407,38,0.777777778,21,0.185185185,5,1.148148148,31,804.1,1,0,-70,0,0
Kyle Lowry,TOR,34,24,9,15,34.875,837,17.70833333,425,142,318,44.7,66,173,38.2,75,86,87.2,19,110,5.375,129,6.458333333,155,2.916666667,70,1.125,27,0.166666667,4,3.166666667,76,835.3,5,1,49,1,1
Joe Harris,BKN,29,29,17,12,30.93103448,897,14.62068966,424,158,301,52.5,94,189,49.7,14,21,66.7,18,83,3.482758621,101,1.896551724,55,0.793103448,23,0.517241379,15,0.24137931,7,2.413793103,70,670.7,0,0,160,0,0
Chris Paul,PHX,35,25,16,9,32.28,807,16.72,418,158,328,48.2,34,95,35.8,68,70,97.1,14,104,4.72,118,8.24,206,2.44,61,1.24,31,0.28,7,2.84,71,921.6,7,0,66,0,1
Norman Powell,TOR,27,25,11,14,28.04,701,16.48,412,139,301,46.2,58,135,43,76,87,87.4,11,61,2.88,72,1.4,35,1.32,33,1.08,27,0.16,4,1.96,49,610.9,0,0,51,0,0
LaMelo Ball,CHA,19,28,13,15,27.71428571,776,14.64285714,410,152,348,43.7,51,144,35.4,55,69,79.7,43,130,6.178571429,173,6.107142857,171,2.678571429,75,1.535714286,43,0.357142857,10,2.642857143,74,958.1,6,1,-6,0,0
Dejounte Murray,SAS,24,27,16,11,30.40740741,821,15.14814815,409,167,374,44.7,28,89,31.5,47,58,81,17,177,7.185185185,194,5.037037037,136,1.666666667,45,1.555555556,42,0.074074074,2,2.148148148,58,932.8,8,2,40,0,0
Coby White,CHI,21,26,11,15,33.84615385,880,15.69230769,408,147,362,40.6,63,177,35.6,51,58,87.9,9,113,4.692307692,122,5.461538462,142,2.423076923,63,0.384615385,10,0.115384615,3,2.423076923,63,743.4,2,0,-83,0,0
Terrence Ross,ORL,30,27,10,17,28.74074074,776,14.77777778,399,144,356,40.4,50,153,32.7,61,69,88.4,8,76,3.111111111,84,2.074074074,56,1.740740741,47,0.925925926,25,0.481481481,13,1.925925926,52,650.8,0,0,-139,0,0
Eric Gordon,HOU,32,21,10,11,29.19047619,613,18.80952381,395,131,282,46.5,57,162,35.2,76,90,84.4,7,42,2.333333333,49,2.571428571,54,1.857142857,39,0.571428571,12,0.523809524,11,1.380952381,29,564.8,0,0,3,0,0
Keldon Johnson,SAS,21,27,16,11,30.07407407,812,14.48148148,391,144,308,46.8,26,80,32.5,77,99,77.8,47,141,6.962962963,188,2.259259259,61,1.481481481,40,0.777777778,21,0.518518519,14,2.296296296,62,773.1,5,0,-93,0,0
Rudy Gobert,UTA,28,28,23,5,30.21428571,846,13.92857143,390,150,235,63.8,0,1,0,90,159,56.6,97,273,13.21428571,370,1.285714286,36,1.678571429,47,0.392857143,11,2.75,77,2.321428571,65,1105,20,0,254,0,1
Kelly Oubre Jr.,GSW,25,28,15,13,28.89285714,809,13.92857143,390,142,353,40.2,44,148,29.7,62,81,76.5,38,125,5.821428571,163,1.392857143,39,1.392857143,39,1.035714286,29,0.821428571,23,2.357142857,66,761.1,3,0,-77,0,0
Dennis Schroder,LAL,27,28,21,7,31.03571429,869,13.89285714,389,138,318,43.4,28,89,31.5,85,103,82.5,17,87,3.714285714,104,4.357142857,122,2.142857143,60,0.821428571,23,0.142857143,4,2.678571429,75,717.8,1,0,130,0,0
Anthony Edwards,MIN,19,27,7,20,27.55555556,744,14.33333333,387,145,376,38.6,48,152,31.6,49,61,80.3,18,77,3.518518519,95,2.222222222,60,1.555555556,42,0.740740741,20,0.296296296,8,1.518518519,41,633,0,0,-111,0,0
D'Angelo Russell,MIN,24,20,5,15,29.15,583,19.25,385,139,326,42.6,59,148,39.9,48,64,75,9,43,2.6,52,5.05,101,2.7,54,1.1,22,0.5,10,1.95,39,640.9,1,0,-197,1,0
Victor Oladipo,HOU,28,20,10,10,31.95,639,19.1,382,140,349,40.1,48,146,32.9,54,73,74,4,100,5.2,104,4.6,92,2.2,44,1.35,27,0.4,8,2.4,48,705.8,0,0,35,1,0
Ben Simmons,PHI,24,25,18,7,33.4,835,15.24,381,146,260,56.2,1,6,16.7,88,132,66.7,40,167,8.28,207,8.04,201,3.36,84,1.68,42,0.8,20,3.2,80,1032.9,11,3,111,1,1
Mike Conley,UTA,33,23,18,5,29.30434783,674,16.47826087,379,131,291,45,64,156,41,53,65,81.5,23,61,3.652173913,84,5.826086957,134,2,46,1.391304348,32,0.086956522,2,1.826086957,42,736.8,2,0,265,0,0
Jrue Holiday,MIL,30,23,15,8,32.47826087,747,16.39130435,377,150,299,50.2,43,111,38.7,34,43,79.1,29,81,4.782608696,110,5.391304348,124,1.565217391,36,1.913043478,44,0.608695652,14,1.739130435,40,833,0,0,172,0,0
Christian Wood,HOU,25,17,8,9,31.17647059,530,22,374,149,267,55.8,32,76,42.1,44,64,68.8,31,143,10.23529412,174,1.294117647,22,1.823529412,31,0.941176471,16,1.529411765,26,1.882352941,32,710.8,9,0,42,0,0
Mikal Bridges,PHX,24,26,17,9,33.11538462,861,14.30769231,372,133,265,50.2,51,129,39.5,55,66,83.3,37,101,5.307692308,138,2.115384615,55,0.769230769,20,0.615384615,16,0.961538462,25,1.923076923,50,723.1,1,0,71,0,0
Montrezl Harrell,LAL,27,28,21,7,24.82142857,695,13.17857143,369,150,233,64.4,0,4,0,69,96,71.9,63,114,6.321428571,177,1.035714286,29,1.214285714,34,0.678571429,19,0.714285714,20,2.178571429,61,707.9,2,0,82,0,0
Chris Boucher,TOR,28,27,12,15,23.11111111,624,13.55555556,366,129,244,52.9,41,95,43.2,67,90,74.4,55,128,6.777777778,183,1.037037037,28,0.666666667,18,0.481481481,13,2,54,2.740740741,74,810.6,7,0,60,0,0
John Wall,HOU,30,18,9,9,30.83333333,555,20,360,130,296,43.9,37,103,35.9,63,85,74.1,10,57,3.722222222,67,6.222222222,112,3.277777778,59,0.944444444,17,0.666666667,12,1.333333333,24,636.4,2,0,-14,0,0
Deandre Ayton,PHX,22,26,17,9,32,832,13.84615385,360,157,269,58.4,3,15,20,43,60,71.7,98,223,12.34615385,321,1.769230769,46,2.153846154,56,0.307692308,8,1,26,3.346153846,87,860.2,16,0,19,0,0
Doug McDermott,IND,29,27,14,13,26.14814815,706,13.25925926,358,140,272,51.5,43,119,36.1,35,44,79.5,27,85,4.148148148,112,1.37037037,37,1.037037037,28,0.259259259,7,0.074074074,2,1.777777778,48,546.9,0,0,67,0,0
Patty Mills,SAS,32,27,16,11,25.44444444,687,13.22222222,357,127,283,44.9,70,175,40,33,35,94.3,7,44,1.888888889,51,2.703703704,73,0.962962963,26,0.666666667,18,0.037037037,1,1.444444444,39,558.7,0,0,102,0,0
Gary Trent Jr.,POR,22,24,15,9,29.70833333,713,14.875,357,128,295,43.4,76,170,44.7,25,33,75.8,13,39,2.166666667,52,1.291666667,31,0.666666667,16,0.666666667,16,0.166666667,4,1.416666667,34,509.9,0,0,4,0,0
Elfrid Payton,NYK,26,29,14,15,27.86206897,808,12.20689655,354,150,343,43.7,14,55,25.5,40,56,71.4,38,74,3.862068966,112,3.517241379,102,1.896551724,55,0.655172414,19,0.206896552,6,1.965517241,57,661.4,0,0,-34,0,0
Myles Turner,IND,24,26,14,12,31.23076923,812,13.42307692,349,123,246,50,39,118,33.1,64,83,77.1,33,142,6.730769231,175,1.038461538,27,1.384615385,36,1.115384615,29,3.461538462,90,3.653846154,95,920.5,5,0,55,0,0
Kristaps Porzingis,DAL,25,17,8,9,29.94117647,509,20.52941176,349,132,279,47.3,38,108,35.2,47,55,85.5,35,105,8.235294118,140,1.294117647,22,1.235294118,21,0.352941176,6,1.588235294,27,3.294117647,56,628,6,0,-62,0,0
Russell Westbrook,WAS,32,18,4,14,32.83333333,591,19.27777778,347,133,325,40.9,23,76,30.3,58,91,63.7,30,136,9.222222222,166,9.388888889,169,4.777777778,86,0.777777778,14,0.333333333,6,2.722222222,49,773.7,13,6,-120,0,1
CJ McCollum,POR,29,13,8,5,33.84615385,440,26.69230769,347,123,260,47.3,63,143,44.1,38,45,84.4,7,44,3.923076923,51,5,65,1,13,1.307692308,17,0.307692308,4,2.153846154,28,555.7,2,0,56,0,0
Jarrett Allen,CLE,22,28,10,18,26.21428571,734,12.32142857,345,122,190,64.2,1,4,25,100,132,75.8,82,170,9,252,1.607142857,45,1.535714286,43,0.464285714,13,1.642857143,46,1.571428571,44,848.9,10,0,-33,0,0
Dillon Brooks,MEM,25,22,11,11,29.13636364,641,15.68181818,345,135,343,39.4,42,135,31.1,33,43,76.7,25,48,3.318181818,73,2.681818182,59,2.181818182,48,1.363636364,30,0.409090909,9,3.181818182,70,590.1,0,0,-27,0,0
Devonte' Graham,CHA,25,25,11,14,32.84,821,13.72,343,109,310,35.2,70,202,34.7,55,71,77.5,14,61,3,75,5.68,142,1.4,35,1,25,0,0,1.52,38,686,3,0,73,0,0
Duncan Robinson,MIA,26,27,11,16,33,891,12.55555556,339,108,260,41.5,88,224,39.3,35,41,85.4,1,101,3.777777778,102,1.592592593,43,1.444444444,39,0.37037037,10,0.259259259,7,2.222222222,60,537.9,0,0,-16,0,0
Carmelo Anthony,POR,36,25,15,10,25.44,636,13.52,338,116,290,40,43,115,37.4,63,74,85.1,13,74,3.48,87,1.24,31,0.96,24,0.8,20,0.8,20,2.04,51,584.9,0,0,-54,0,0
Darius Garland,CLE,21,21,7,14,32.33333333,679,15.85714286,333,135,299,45.2,35,86,40.7,28,31,90.3,10,37,2.238095238,47,5.333333333,112,2.476190476,52,0.952380952,20,0.142857143,3,2.428571429,51,574.4,2,0,-185,0,0
Clint Capela,ATL,26,24,9,15,29.125,699,13.875,333,148,260,56.9,0,0,0,37,69,53.6,110,227,14.04166667,337,1,24,1.416666667,34,0.791666667,19,2.208333333,53,2.25,54,955.4,17,1,31,0,0
Cedi Osman,CLE,25,29,10,19,26.4137931,766,11.48275862,333,120,315,38.1,60,176,34.1,33,42,78.6,20,77,3.344827586,97,2.551724138,74,1.034482759,30,0.862068966,25,0.103448276,3,2.103448276,61,614.4,1,0,-189,0,0
Serge Ibaka,LAC,31,28,20,8,24.32142857,681,11.82142857,331,134,258,51.9,27,73,37,36,44,81.8,54,135,6.75,189,1.785714286,50,1.357142857,38,0.25,7,1.285714286,36,1.892857143,53,723.8,3,0,169,0,0
Lou Williams,LAC,34,27,19,8,21.85185185,590,12.22222222,330,117,273,42.9,29,76,38.2,67,78,85.9,10,52,2.296296296,62,3.851851852,104,1.407407407,38,0.777777778,21,0.111111111,3,1.037037037,28,594.4,2,0,87,0,0
Tyler Herro,MIA,21,19,8,11,34.10526316,648,17.26315789,328,126,280,45,40,116,34.5,36,47,76.6,9,102,5.842105263,111,3.894736842,74,2.631578947,50,0.473684211,9,0.368421053,7,1.684210526,32,570.2,2,0,-78,0,0
Kevin Huerter,ATL,22,27,11,16,31.66666667,855,12.14814815,328,124,293,42.3,61,157,38.9,19,24,79.2,20,80,3.703703704,100,3.888888889,105,1.296296296,35,1.185185185,32,0.185185185,5,2.333333333,63,681.5,3,0,-88,0,0
Hamidou Diallo,OKC,22,26,11,15,23.92307692,622,12.53846154,326,123,252,48.8,10,35,28.6,70,105,66.7,30,114,5.538461538,144,2.423076923,63,1.461538462,38,1.076923077,28,0.346153846,9,2.615384615,68,666.3,4,0,-88,0,0
Eric Bledsoe,NOP,31,25,11,14,29.32,733,13,325,117,270,43.3,56,140,40,35,54,64.8,12,78,3.6,90,3.64,91,1.76,44,0.64,16,0.24,6,1.56,39,591.5,2,0,-16,0,0
Josh Jackson,DET,24,25,8,17,24,600,12.96,324,114,265,43,37,115,32.2,59,85,69.4,17,79,3.84,96,1.96,49,2.36,59,0.92,23,0.92,23,2.92,73,591.7,0,0,-16,0,0
Justin Holiday,IND,31,28,14,14,32.07142857,898,11.53571429,323,112,239,46.9,68,162,42,31,40,77.5,19,95,4.071428571,114,1.607142857,45,0.678571429,19,1.214285714,34,0.357142857,10,2.392857143,67,640.3,0,0,35,0,0
Richaun Holmes,SAC,27,25,12,13,29.56,739,12.76,319,136,210,64.8,1,5,20,46,58,79.3,62,131,7.72,193,1.8,45,1.52,38,0.68,17,1.64,41,4.12,103,754.1,7,0,7,0,0
Marvin Bagley III,SAC,21,25,12,13,24.92,623,12.76,319,128,269,47.6,26,70,37.1,37,72,51.4,52,132,7.36,184,0.88,22,1.48,37,0.48,12,0.48,12,2.52,63,607.8,6,0,-101,0,0
Lonzo Ball,NOP,23,23,10,13,30.82608696,709,13.73913043,316,117,278,42.1,65,172,37.8,17,23,73.9,15,88,4.47826087,103,4.695652174,108,2.043478261,47,1.217391304,28,0.52173913,12,2.434782609,56,674.6,0,0,34,0,0
Immanuel Quickley,NYK,21,25,12,13,19.32,483,12.52,313,100,244,41,44,116,37.9,69,73,94.5,10,49,2.36,59,2.72,68,0.96,24,0.4,10,0.32,8,2.12,53,515.8,0,0,44,0,0
Bobby Portis,MIL,26,27,16,11,21.7037037,586,11.59259259,313,133,241,55.2,28,59,47.5,19,28,67.9,55,143,7.333333333,198,1.074074074,29,0.740740741,20,0.888888889,24,0.407407407,11,1.888888889,51,679.1,4,0,141,0,0
Tyrese Haliburton,SAC,20,25,12,13,29.36,734,12.4,310,119,239,49.8,58,131,44.3,14,17,82.4,25,64,3.56,89,5.24,131,1.64,41,1.2,30,0.6,15,1.24,31,707.3,1,0,-73,0,0
De'Andre Hunter,ATL,23,18,9,9,32.16666667,579,17.22222222,310,108,210,51.4,30,82,36.6,64,73,87.7,16,81,5.388888889,97,2.222222222,40,1.388888889,25,0.944444444,17,0.5,9,2.611111111,47,539.4,1,0,78,0,0
Darius Bazley,OKC,20,26,11,15,30.92307692,804,11.92307692,310,116,293,39.6,37,132,28,41,54,75.9,15,179,7.461538462,194,1.653846154,43,1.807692308,47,0.461538462,12,0.730769231,19,1.076923077,28,653.3,6,0,-145,0,0
Naz Reid,MIN,21,25,6,19,21.92,548,12.36,309,119,229,52,26,68,38.2,45,61,73.8,34,88,4.88,122,1.28,32,1.2,30,0.64,16,1.2,30,3.16,79,611.4,1,0,-123,0,0
Shake Milton,PHI,24,22,17,5,24.36363636,536,14,308,108,239,45.2,22,72,30.6,70,80,87.5,12,30,1.909090909,42,3,66,1.545454545,34,0.727272727,16,0.181818182,4,2.227272727,49,483.4,0,0,37,0,0
Kyle Kuzma,LAL,25,28,21,7,24.89285714,697,10.96428571,307,122,270,45.2,47,131,35.9,16,26,61.5,50,120,6.071428571,170,1.142857143,32,1.25,35,0.321428571,9,0.642857143,18,1.535714286,43,605,6,0,51,0,0
Luguentz Dort,OKC,21,25,11,14,29.4,735,12.12,303,107,258,41.5,46,139,33.1,43,60,71.7,17,70,3.48,87,1.4,35,1.52,38,0.96,24,0.24,6,2.52,63,511.9,0,0,-49,0,0
Enes Kanter,POR,28,26,16,10,24.57692308,639,11.61538462,302,129,214,60.3,0,0,0,44,57,77.2,106,179,10.96153846,285,1.115384615,29,1.192307692,31,0.576923077,15,0.807692308,21,2.5,65,764.5,14,0,48,0,0
Jimmy Butler,MIA,31,15,8,7,32.4,486,19.86666667,298,90,204,44.1,3,22,13.6,115,134,85.8,27,84,7.4,111,7.133333333,107,1.933333333,29,1.866666667,28,0.4,6,1.066666667,16,664.7,5,2,47,0,1
Dwayne Bacon,ORL,25,28,10,18,25.07142857,702,10.57142857,296,112,271,41.3,28,80,35,44,55,80,11,77,3.142857143,88,1.071428571,30,0.714285714,20,0.75,21,0.071428571,2,1.678571429,47,495.6,0,0,-134,0,0
Brook Lopez,MIL,32,27,16,11,27.07407407,731,10.81481481,292,107,232,46.1,45,126,35.7,33,40,82.5,41,96,5.074074074,137,0.62962963,17,0.740740741,20,0.481481481,13,1.37037037,37,1.925925926,52,611.9,1,0,137,0,0
Will Barton,DEN,30,25,14,11,29.76,744,11.64,291,109,250,43.6,40,99,40.4,33,44,75,12,81,3.72,93,3.2,80,1.52,38,0.8,20,0.44,11,1.84,46,577.6,0,0,60,0,0
Kyle Anderson,MEM,27,22,11,11,28.31818182,623,13.22727273,291,107,233,45.9,36,95,37.9,41,52,78.8,21,118,6.318181818,139,3.818181818,84,1.5,33,0.954545455,21,0.772727273,17,1.772727273,39,664.8,2,0,-14,0,0
Rudy Gay,SAS,34,26,15,11,22,572,11.15384615,290,108,258,41.9,41,112,36.6,33,43,76.7,24,111,5.192307692,135,1.5,39,1.153846154,30,0.692307692,18,0.5,13,1.807692308,47,573.5,0,0,113,0,0
Monte Morris,DEN,25,26,15,11,26.23076923,682,10.92307692,284,109,221,49.3,33,85,38.8,33,47,70.2,6,48,2.076923077,54,3.384615385,88,0.615384615,16,0.653846154,17,0.269230769,7,0.769230769,20,536.8,0,0,105,0,0
Cameron Johnson,PHX,24,26,17,9,25.69230769,668,10.88461538,283,100,229,43.7,58,158,36.7,25,29,86.2,17,77,3.615384615,94,1.5,39,0.769230769,20,0.653846154,17,0.307692308,8,1.346153846,35,509.3,0,0,129,0,0
Jonas Valanciunas,MEM,28,17,8,9,27.41176471,466,16.58823529,282,110,189,58.2,8,20,40,54,71,76.1,54,134,11.05882353,188,2.117647059,36,2.294117647,39,0.705882353,12,0.823529412,14,3.294117647,56,600.6,12,0,19,0,0
Delon Wright,DET,28,27,8,19,29.07407407,785,10.44444444,282,99,219,45.2,24,66,36.4,60,77,77.9,32,94,4.666666667,126,4.925925926,133,1.185185185,32,1.37037037,37,0.555555556,15,1.074074074,29,756.7,1,0,-32,0,0
Joe Ingles,UTA,33,24,19,5,26.70833333,641,11.66666667,280,97,190,51.1,57,129,44.2,29,33,87.9,11,73,3.5,84,4.666666667,112,1.625,39,0.375,9,0.208333333,5,1.666666667,40,551.8,1,0,112,0,0
Jalen Brunson,DAL,24,24,11,13,24.08333333,578,11.66666667,280,103,200,51.5,26,68,38.2,48,54,88.9,5,71,3.166666667,76,3.625,87,1.208333333,29,0.375,9,0,0,1.5,36,499.7,0,0,-3,0,0
Miles Bridges,CHA,22,28,13,15,26.67857143,747,9.892857143,277,105,224,46.9,36,99,36.4,31,33,93.9,37,125,5.785714286,162,1.928571429,54,1.75,49,0.714285714,20,0.785714286,22,2.428571429,68,629.4,5,0,-18,0,0
Cole Anthony,ORL,20,25,9,16,26.68,667,11,275,101,269,37.5,27,83,32.5,46,55,83.6,20,91,4.44,111,3.76,94,2.04,51,0.68,17,0.44,11,2.04,51,582.2,0,0,-101,0,0
Jeff Green,BKN,34,29,17,12,26.03448276,755,9.448275862,274,97,192,50.5,45,106,42.5,35,42,83.3,13,91,3.586206897,104,1.379310345,40,0.827586207,24,0.689655172,20,0.24137931,7,2.034482759,59,515.8,0,0,38,0,0
Paul Millsap,DEN,36,26,15,11,23.88461538,621,10.42307692,271,99,189,52.4,32,78,41,41,59,69.5,41,93,5.153846154,134,1.653846154,43,1,26,0.846153846,22,0.538461538,14,2.076923077,54,578.3,1,0,36,0,0
Marcus Morris Sr.,LAC,31,20,15,5,24.6,492,13.45,269,91,196,46.4,52,103,50.5,35,37,94.6,16,60,3.8,76,0.9,18,1,20,0.6,12,0.3,6,1.75,35,421.2,0,0,21,0,0
Lonnie Walker IV,SAS,22,25,14,11,26.64,666,10.76,269,101,249,40.6,39,110,35.5,28,35,80,5,68,2.92,73,1.68,42,1.04,26,0.48,12,0.36,9,2.12,53,456.6,0,0,-117,0,0
P.J. Washington,CHA,22,24,12,12,28.79166667,691,11.16666667,268,97,231,42,26,79,32.9,48,65,73.8,40,117,6.541666667,157,3.041666667,73,2.041666667,49,0.916666667,22,1.291666667,31,2.708333333,65,675.9,4,0,37,0,0
Lauri Markkanen,CHI,23,14,5,9,30.42857143,426,19.14285714,268,95,185,51.4,40,101,39.6,38,45,84.4,8,77,6.071428571,85,0.857142857,12,1.714285714,24,0.642857143,9,0.357142857,5,2.214285714,31,406,1,0,-81,0,0
Al Horford,OKC,34,18,8,10,28.16666667,507,14.83333333,267,107,236,45.3,40,101,39.6,13,16,81.3,16,110,7,126,3.666666667,66,1.222222222,22,1,18,0.888888889,16,1.666666667,30,597.2,1,0,15,0,0
Derrick Rose,NYK,32,19,7,12,22.52631579,428,13.94736842,265,99,224,44.2,16,47,34,51,61,83.6,6,31,1.947368421,37,4.105263158,78,1.894736842,36,1.210526316,23,0.368421053,7,1.105263158,21,480.4,0,0,-21,0,0
Seth Curry,PHI,30,21,15,6,28.57142857,600,12.57142857,264,94,191,49.2,43,91,47.3,33,34,97.1,4,36,1.904761905,40,2.571428571,54,1.238095238,26,0.761904762,16,0.285714286,6,1.666666667,35,433,0,0,130,0,0
Donte DiVincenzo,MIL,24,27,16,11,25.92592593,700,9.777777778,264,99,234,42.3,54,129,41.9,12,19,63.2,28,94,4.518518519,122,2.592592593,70,1.185185185,32,1.259259259,34,0.222222222,6,1.518518519,41,603.4,1,0,182,0,0
Nicolas Batum,LAC,32,27,19,8,29.85185185,806,9.740740741,263,90,183,49.2,57,125,45.6,26,30,86.7,24,108,4.888888889,132,2.333333333,63,0.703703704,19,1.37037037,37,0.37037037,10,1.703703704,46,637.9,1,0,211,0,0
Cam Reddish,ATL,21,23,8,15,28.56521739,657,11.39130435,262,86,234,36.8,30,115,26.1,60,75,80,18,71,3.869565217,89,1.347826087,31,1.391304348,32,1.086956522,25,0.347826087,8,2.652173913,61,482.3,0,0,-44,0,0
Aaron Gordon,ORL,25,19,8,11,29.05263158,552,13.78947368,262,91,213,42.7,31,84,36.9,49,80,61.3,33,104,7.210526316,137,4.210526316,80,2.789473684,53,0.736842105,14,0.842105263,16,2,38,583.4,3,1,-40,0,0
Kelly Olynyk,MIA,29,26,10,16,26.15384615,680,9.961538462,259,95,222,42.8,57,164,34.8,12,18,66.7,25,127,5.846153846,152,2,52,1.307692308,34,0.730769231,19,0.692307692,18,2.538461538,66,596.4,0,0,17,0,0
Jae'Sean Tate,HOU,25,27,11,16,27.03703704,730,9.518518519,257,105,193,54.4,18,55,32.7,29,40,72.5,43,93,5.037037037,136,1.703703704,46,1.185185185,32,0.814814815,22,0.62962963,17,2.888888889,78,574.2,1,0,-1,0,0
Ja Morant,MEM,21,14,7,7,29.85714286,418,18.35714286,257,93,208,44.7,12,46,26.1,59,74,79.7,9,22,2.214285714,31,8,112,3,42,0.928571429,13,0.285714286,4,1.571428571,22,471.2,5,0,-30,0,0
Mason Plumlee,DET,30,25,7,18,27.72,693,10.16,254,104,174,59.8,0,5,0,46,65,70.8,77,145,8.88,222,3.44,86,2.08,52,0.96,24,0.68,17,3.48,87,720.4,6,1,-59,0,0
LaMarcus Aldridge,SAS,35,18,11,7,26.66666667,480,14.11111111,254,107,225,47.6,24,67,35.8,16,21,76.2,15,63,4.333333333,78,1.944444444,35,0.888888889,16,0.388888889,7,0.888888889,16,1.5,27,453.1,1,0,-69,1,0
Kendrick Nunn,MIA,25,19,8,11,27.68421053,526,13.36842105,254,100,212,47.2,33,100,33,21,24,87.5,9,54,3.315789474,63,2.263157895,43,2.105263158,40,1.157894737,22,0.210526316,4,1.842105263,35,432.1,0,0,-89,0,0
Bryn Forbes,MIL,27,27,16,11,18.11111111,489,9.407407407,254,94,195,48.2,54,116,46.6,12,17,70.6,5,25,1.111111111,30,0.481481481,13,0.703703704,19,0.222222222,6,0,0,1.222222222,33,308.5,0,0,34,0,0
Eric Paschall,GSW,24,25,14,11,17.08,427,10,250,98,196,50,12,35,34.3,42,57,73.7,23,58,3.24,81,1.2,30,0.72,18,0.2,5,0.12,3,1.68,42,398.2,0,0,-66,0,0
Thaddeus Young,CHI,32,22,10,12,25.81818182,568,11.31818182,249,114,191,59.7,5,20,25,16,30,53.3,52,72,5.636363636,124,4.272727273,94,2,44,1.363636364,30,0.454545455,10,2.772727273,61,614.8,2,0,84,0,0
OG Anunoby,TOR,23,17,7,10,34.82352941,592,14.64705882,249,86,177,48.6,42,97,43.3,35,47,74.5,27,72,5.823529412,99,1.588235294,27,1.764705882,30,2.058823529,35,0.529411765,9,2.882352941,49,510.3,1,0,49,0,0
Evan Fournier,ORL,28,14,7,7,28.42857143,398,17.78571429,249,79,178,44.4,31,88,35.2,60,75,80,4,31,2.5,35,3.642857143,51,2.071428571,29,1,14,0.428571429,6,2.285714286,32,398.5,0,0,-66,0,0
Patrick Williams,CHI,19,25,10,15,27.6,690,9.88,247,91,204,44.6,22,56,39.3,43,54,79.6,22,92,4.56,114,1.04,26,1.56,39,0.72,18,0.68,17,2.24,56,488.8,1,0,-78,0,0
Blake Griffin,DET,31,20,6,14,31.3,626,12.25,245,81,222,36.5,39,124,31.5,44,62,71,7,97,5.2,104,3.85,77,1.6,32,0.7,14,0.1,2,2.1,42,501.3,1,0,-72,1,0
Goran Dragic,MIA,34,17,7,10,26.52941176,451,14.35294118,244,89,195,45.6,28,78,35.9,38,47,80.9,7,45,3.058823529,52,5.294117647,90,3,51,0.529411765,9,0.117647059,2,2.647058824,45,423.4,1,0,34,0,0
James Wiseman,GSW,19,20,11,9,20.95,419,12.15,243,98,195,50.3,9,22,40.9,38,61,62.3,30,92,6.1,122,0.7,14,1.6,32,0.4,8,1.3,26,3.15,63,480.4,1,0,-63,0,0
Daniel Theis,BOS,28,26,13,13,23.96153846,623,9.346153846,243,96,168,57.1,23,58,39.7,28,41,68.3,34,99,5.115384615,133,1.384615385,36,1.038461538,27,0.576923077,15,1,26,2.846153846,74,552.6,1,0,42,0,0
Ivica Zubac,LAC,23,29,21,8,19.44827586,564,8.344827586,242,91,136,66.9,0,1,0,60,71,84.5,66,123,6.517241379,189,1.034482759,30,1,29,0.379310345,11,0.827586207,24,2.586206897,75,589.8,5,0,18,0,0
Danny Green,PHI,33,28,18,10,28.14285714,788,8.535714286,239,85,216,39.4,59,162,36.4,10,14,71.4,27,76,3.678571429,103,1.785714286,50,1.321428571,37,1.107142857,31,0.678571429,19,1.642857143,46,550.6,1,0,55,0,0
Brandon Clarke,MEM,24,18,10,8,27.94444444,503,13.27777778,239,103,208,49.5,9,34,26.5,24,37,64.9,30,73,5.722222222,103,1.777777778,32,0.611111111,11,1.166666667,21,0.722222222,13,1.5,27,501.6,1,0,-80,0,0
Rui Hachimura,WAS,23,18,8,10,29.22222222,526,13.16666667,237,84,185,45.4,14,46,30.4,55,71,77.5,22,77,5.5,99,1.944444444,35,1.055555556,19,0.611111111,11,0.111111111,2,2.222222222,40,428.3,1,0,-100,0,0
Josh Richardson,DAL,27,19,9,10,31.63157895,601,12.47368421,237,83,196,42.3,29,98,29.6,42,45,93.3,19,36,2.894736842,55,2.684210526,51,1.368421053,26,0.842105263,16,0.210526316,4,2.947368421,56,413.5,0,0,-53,0,0
Taurean Prince,CLE,26,27,10,17,21.92592593,592,8.703703704,235,76,194,39.2,38,95,40,45,53,84.9,12,86,3.62962963,98,1.703703704,46,1.148148148,31,0.703703704,19,0.703703704,19,1.851851852,50,504.6,0,0,-84,0,0
Tyrese Maxey,PHI,20,27,17,10,17.03703704,460,8.62962963,233,99,219,45.2,15,54,27.8,20,23,87,6,45,1.888888889,51,1.777777778,48,0.62962963,17,0.555555556,15,0.111111111,3,1.222222222,33,403.2,0,0,-104,0,0
Luke Kennard,LAC,24,29,21,8,22.03448276,639,8.034482759,233,87,188,46.3,46,104,44.2,13,15,86.7,8,75,2.862068966,83,1.793103448,52,0.931034483,27,0.344827586,10,0.206896552,6,1.620689655,47,431.6,0,0,-19,0,0
Michael Porter Jr.,DEN,22,16,9,7,27,432,14.5,232,87,175,49.7,36,90,40,22,28,78.6,19,77,6,96,0.9375,15,1.0625,17,1.0625,17,1.1875,19,2.125,34,460.7,2,0,31,0,0
Jae Crowder,PHX,30,23,14,9,27.7826087,639,10.08695652,232,75,201,37.3,54,156,34.6,28,33,84.8,8,110,5.130434783,118,2.130434783,49,0.826086957,19,0.869565217,20,0.173913043,4,2.086956522,48,500.1,0,0,23,0,0
Davis Bertans,WAS,28,22,8,14,25.59090909,563,10.45454545,230,68,191,35.6,59,169,34.9,35,44,79.5,10,59,3.136363636,69,1,22,0.590909091,13,0.727272727,16,0.272727273,6,2.5,55,398.8,0,0,-29,0,0
Saddiq Bey,DET,21,25,7,18,19.88,497,9.12,228,73,175,41.7,49,116,42.2,33,41,80.5,10,78,3.52,88,0.88,22,0.72,18,0.52,13,0.04,1,1.36,34,390.6,2,0,-47,0,0
Mitchell Robinson,NYK,22,27,12,15,28.81481481,778,8.444444444,228,103,156,66,0,0,0,22,46,47.8,97,129,8.37037037,226,0.518518519,14,0.814814815,22,1.185185185,32,1.518518519,41,2.888888889,78,717.2,4,0,-15,0,0
Mike Muscala,OKC,29,24,10,14,18.83333333,452,9.375,225,77,182,42.3,46,126,36.5,25,27,92.6,13,75,3.666666667,88,0.958333333,23,0.666666667,16,0.291666667,7,0.291666667,7,1.458333333,35,391.1,0,0,-26,0,0
Marcus Smart,BOS,26,17,9,8,32.29411765,549,13.05882353,222,74,188,39.4,28,90,31.1,46,62,74.2,7,40,2.764705882,47,6.058823529,103,1.764705882,30,1.823529412,31,0.529411765,9,2.294117647,39,522.9,2,0,-4,0,0
DeMarcus Cousins,HOU,30,24,11,13,19.58333333,470,9.25,222,73,198,36.9,35,107,32.7,41,56,73.2,30,153,7.625,183,2.333333333,56,1.583333333,38,0.791666667,19,0.666666667,16,2.958333333,71,592.6,6,0,-43,0,0
Caris LeVert,IND,26,12,6,6,27.83333333,334,18.5,222,87,200,43.5,22,63,34.9,26,34,76.5,10,42,4.333333333,52,6,72,2.166666667,26,1.083333333,13,0.5,6,1.666666667,20,423.4,2,0,45,0,0
Garrett Temple,CHI,34,25,11,14,27.24,681,8.84,221,80,191,41.9,39,109,35.8,22,27,81.5,13,64,3.08,77,2.04,51,1.04,26,1.12,28,0.44,11,2.44,61,480.9,0,0,77,0,0
Wayne Ellington,DET,33,20,7,13,22.95,459,10.85,217,75,162,46.3,55,124,44.4,12,16,75,7,33,2,40,1.1,22,0.7,14,0.4,8,0.2,4,1.5,30,320,0,0,-14,0,0
Trey Burke,DAL,28,27,12,15,17.25925926,466,8.037037037,217,79,178,44.4,36,91,39.6,23,27,85.2,4,26,1.111111111,30,1.592592593,43,0.555555556,15,0.777777778,21,0.074074074,2,1.481481481,40,371.5,0,0,-27,0,0
Royce O'Neale,UTA,27,28,23,5,32.5,910,7.75,217,73,161,45.3,49,114,43,22,26,84.6,30,161,6.821428571,191,2.321428571,65,1.107142857,31,0.785714286,22,0.678571429,19,2.928571429,82,635.7,2,0,214,0,0
Josh Hart,NOP,25,26,11,15,27.80769231,723,8.346153846,217,76,170,44.7,34,100,34,31,44,70.5,27,167,7.461538462,194,2.192307692,57,0.769230769,20,0.846153846,22,0.153846154,4,2.307692308,60,593.3,4,0,-60,0,0
Reggie Jackson,LAC,30,26,18,8,20.42307692,531,8.307692308,216,80,187,42.8,31,87,35.6,25,34,73.5,8,60,2.615384615,68,3.192307692,83,0.884615385,23,0.653846154,17,0.115384615,3,1.807692308,47,459.1,0,0,50,0,0
JaMychal Green,DEN,30,22,14,8,20.54545455,452,9.772727273,215,75,168,44.6,39,91,42.9,26,31,83.9,35,99,6.090909091,134,0.954545455,21,1.090909091,24,0.636363636,14,0.136363636,3,2.636363636,58,434.3,1,0,70,0,0
Timothe Luwawu-Cabarrot,BKN,25,29,17,12,19.55172414,567,7.24137931,210,75,189,39.7,44,122,36.1,16,22,72.7,17,53,2.413793103,70,1.24137931,36,0.689655172,20,0.655172414,19,0.172413793,5,1.620689655,47,400,0,0,-7,0,0
Reggie Bullock,NYK,29,24,13,11,26.5,636,8.708333333,209,77,188,41,44,114,38.6,11,14,78.6,7,77,3.5,84,1.291666667,31,0.708333333,17,0.708333333,17,0.208333333,5,2.541666667,61,405.3,0,0,7,0,0
Steven Adams,NOP,27,25,11,14,29.08,727,8.28,207,89,150,59.3,0,1,0,29,60,48.3,112,117,9.16,229,2.32,58,1.8,45,0.92,23,0.52,13,1.92,48,631.8,7,1,39,0,0
Kentavious Caldwell-Pope,LAL,27,24,18,6,24.83333333,596,8.541666667,205,72,157,45.9,38,87,43.7,23,27,85.2,7,46,2.208333333,53,1.375,33,0.958333333,23,0.75,18,0.333333333,8,1.625,39,373.1,0,0,156,0,0
Desmond Bane,MEM,22,20,10,10,22.8,456,10.25,205,75,155,48.4,41,85,48.2,14,17,82.4,9,44,2.65,53,1.6,32,1.15,23,0.65,13,0.15,3,1.85,37,341.6,0,0,53,0,0
Anfernee Simons,POR,21,23,14,9,17.56521739,404,8.869565217,204,69,170,40.6,49,119,41.2,17,20,85,5,49,2.347826087,54,1.173913043,27,0.782608696,18,0.217391304,5,0.217391304,5,1.565217391,36,321.3,0,0,-95,0,0
David Nwaba,HOU,28,23,8,15,23.26086957,535,8.826086957,203,78,161,48.4,13,51,25.5,34,50,68,26,52,3.391304348,78,1.086956522,25,0.565217391,13,1.086956522,25,0.695652174,16,2.086956522,48,444.1,1,0,11,0,0
Nickeil Alexander-Walker,NOP,22,22,9,13,19.90909091,438,9.090909091,200,76,187,40.6,23,86,26.7,25,32,78.1,5,55,2.727272727,60,2.045454545,45,1.363636364,30,1.136363636,25,0.363636364,8,1.772727273,39,408.5,0,0,-43,0,0
Aaron Holiday,IND,24,28,14,14,19.60714286,549,7.142857143,200,76,210,36.2,29,90,32.2,19,25,76,6,30,1.285714286,36,1.821428571,51,0.785714286,22,0.5,14,0.142857143,4,1.75,49,351.7,1,0,13,0,0
Robin Lopez,WAS,32,25,8,17,19.12,478,7.92,198,77,131,58.8,4,12,33.3,40,60,66.7,54,51,4.2,105,1,25,1,25,0.2,5,0.56,14,1.92,48,393.5,1,0,-102,0,0
Kemba Walker,BOS,30,12,4,8,27.75,333,16.33333333,196,66,182,36.3,31,87,35.6,33,37,89.2,7,40,3.916666667,47,4,48,2.166666667,26,1.166666667,14,0.166666667,2,1.416666667,17,346.4,0,0,-43,1,1
Khem Birch,ORL,28,28,10,18,21.96428571,615,6.892857143,193,72,139,51.8,3,12,25,46,60,76.7,76,93,6.035714286,169,1.214285714,34,0.678571429,19,0.714285714,20,0.678571429,19,1.714285714,48,544.8,2,0,-92,0,0
Denzel Valentine,CHI,27,22,9,13,19.81818182,436,8.727272727,192,72,177,40.7,42,106,39.6,6,6,100,8,74,3.727272727,82,1.727272727,38,0.590909091,13,0.772727273,17,0.045454545,1,1.272727273,28,388.4,0,0,70,0,0
DeAndre Jordan,BKN,32,27,15,12,21.40740741,578,7.111111111,192,85,109,78,0,0,0,22,41,53.7,46,144,7.037037037,190,1.851851852,50,1.703703704,46,0.333333333,9,1.333333333,36,2.111111111,57,584,2,0,31,0,0
Sterling Brown,HOU,26,25,11,14,21.2,530,7.64,191,71,155,45.8,39,94,41.5,10,10,100,20,78,3.92,98,1.72,43,0.68,17,0.96,24,0.24,6,1.92,48,446.1,0,0,-18,0,0
Alec Burks,NYK,29,17,8,9,25.58823529,435,11.23529412,191,61,153,39.9,34,82,41.5,35,43,81.4,9,71,4.705882353,80,2.235294118,38,1,17,0.882352941,15,0.294117647,5,1.823529412,31,387,0,0,70,0,0
Wendell Carter Jr.,CHI,21,15,7,8,26.53333333,398,12.66666667,190,69,129,53.5,4,15,26.7,48,66,72.7,34,87,8.066666667,121,2.333333333,35,2.066666667,31,0.666666667,10,0.6,9,3.2,48,413.7,4,0,-70,0,0
Otto Porter Jr.,CHI,27,16,7,9,23.25,372,11.625,186,64,144,44.4,28,70,40,30,36,83.3,20,80,6.25,100,2,32,0.9375,15,0.5625,9,0.1875,3,1.5625,25,375,2,0,-42,0,0
Damyean Dotson,CLE,26,24,9,15,20.41666667,490,7.75,186,71,173,41,26,92,28.3,18,26,69.2,4,40,1.833333333,44,2.166666667,52,0.833333333,20,0.458333333,11,0.125,3,0.916666667,22,338.8,0,0,-69,0,0
Cory Joseph,SAC,29,27,12,15,19.77777778,534,6.814814815,184,73,155,47.1,18,55,32.7,20,27,74.1,11,45,2.074074074,56,2.407407407,65,1.074074074,29,0.814814815,22,0.222222222,6,2.222222222,60,403.7,0,0,-148,0,0
Tyus Jones,MEM,24,22,11,11,23.86363636,525,8.318181818,183,78,183,42.6,17,65,26.2,10,13,76.9,13,49,2.818181818,62,5.5,121,1.045454545,23,1.318181818,29,0.136363636,3,0.590909091,13,511.9,2,0,-29,0,0
Gary Harris,DEN,26,18,11,7,30.72222222,553,10.11111111,182,68,151,45,24,72,33.3,22,30,73.3,12,33,2.5,45,1.722222222,31,0.666666667,12,0.944444444,17,0.222222222,4,1.944444444,35,333.5,0,0,88,0,0
Jeremy Lamb,IND,28,15,6,9,24.86666667,373,12.06666667,181,60,116,51.7,29,57,50.9,32,34,94.1,14,47,4.066666667,61,1.666666667,25,0.933333333,14,0.933333333,14,0.533333333,8,2.066666667,31,343.7,0,0,-17,0,0
JJ Redick,NOP,36,23,10,13,18.13043478,417,7.869565217,181,56,154,36.4,37,105,35.2,32,32,100,3,32,1.52173913,35,1.086956522,25,0.695652174,16,0.260869565,6,0.086956522,2,1.173913043,27,268.5,0,0,-73,0,0
Robert Covington,POR,30,24,16,8,30.875,741,7.5,180,62,173,35.8,40,124,32.3,16,18,88.9,18,125,5.958333333,143,1.708333333,41,1.083333333,26,1.666666667,40,0.583333333,14,2.583333333,62,549.1,1,0,99,0,0
Landry Shamet,BKN,23,25,14,11,18.64,466,7.16,179,56,153,36.6,38,112,33.9,29,33,87.9,5,33,1.52,38,1.32,33,0.76,19,0.48,12,0.12,3,1.32,33,300.1,0,0,-87,0,0
Isaac Okoro,CLE,20,24,8,16,33,792,7.458333333,179,66,170,38.8,16,64,25,31,46,67.4,21,36,2.375,57,1.875,45,1.375,33,1.125,27,0.416666667,10,2.875,69,392.9,0,0,-195,0,0
Damion Lee,GSW,28,28,15,13,19.10714286,535,6.392857143,179,59,134,44,41,107,38.3,20,22,90.9,12,83,3.392857143,95,1.464285714,41,0.392857143,11,0.607142857,17,0.107142857,3,1.642857143,46,403.5,0,0,55,0,0
Larry Nance Jr.,CLE,28,19,8,11,33.42105263,635,9.263157895,176,70,145,48.3,24,63,38.1,12,21,57.1,27,102,6.789473684,129,3.210526316,61,1.473684211,28,1.947368421,37,0.526315789,10,2.157894737,41,535.3,2,0,-41,0,0
Dorian Finney-Smith,DAL,27,19,9,10,30.68421053,583,9.105263158,173,63,140,45,37,97,38.1,10,12,83.3,28,63,4.789473684,91,1.210526316,23,0.631578947,12,1,19,0.421052632,8,2.736842105,52,385.7,0,0,-9,0,0
Svi Mykhailiuk,DET,23,26,7,19,15.30769231,398,6.615384615,172,57,146,39,37,113,32.7,21,24,87.5,7,39,1.769230769,46,1.269230769,33,0.615384615,16,0.576923077,15,0.192307692,5,0.884615385,23,320.7,0,0,-39,0,0
Jakob Poeltl,SAS,25,27,16,11,22.22222222,600,6.37037037,172,80,131,61.1,0,0,0,12,38,31.6,81,108,7,189,1.703703704,46,1.148148148,31,0.592592593,16,1.518518519,41,2.074074074,56,607.8,3,0,134,0,0
Talen Horton-Tucker,LAL,20,24,18,6,17,408,7.041666667,169,67,148,45.3,12,42,28.6,23,28,82.1,9,51,2.5,60,1.833333333,44,1.291666667,31,0.875,21,0.5,12,2,48,375,0,0,15,0,0
Precious Achiuwa,MIA,21,27,11,16,14.48148148,391,6.222222222,168,66,115,57.4,0,0,0,36,65,55.4,36,70,3.925925926,106,0.62962963,17,1.074074074,29,0.444444444,12,0.555555556,15,1.962962963,53,372.7,2,0,-78,0,0
Isaiah Roby,OKC,23,20,8,12,19.9,398,8.35,167,66,122,54.1,10,31,32.3,25,36,69.4,32,64,4.8,96,1.4,28,1,20,0.65,13,0.65,13,2.35,47,382.2,1,0,-111,0,0
Hassan Whiteside,SAC,31,20,10,10,14.8,296,8.35,167,70,113,61.9,0,1,0,27,51,52.9,31,82,5.65,113,0.45,9,0.95,19,0.3,6,1.35,27,1.75,35,396.1,2,0,-50,0,0
Grayson Allen,MEM,25,17,8,9,23.29411765,396,9.823529412,167,50,120,41.7,36,86,41.9,31,35,88.6,7,43,2.941176471,50,1.941176471,33,1.117647059,19,1.058823529,18,0.176470588,3,1.294117647,22,320.5,0,0,26,0,0
Dwight Howard,PHI,35,28,18,10,16.82142857,471,5.964285714,167,61,108,56.5,3,8,37.5,42,82,51.2,76,141,7.75,217,0.678571429,19,1.785714286,50,0.428571429,12,0.892857143,25,3.107142857,87,516.9,3,0,-66,0,0
George Hill,OKC,34,14,6,8,26.35714286,369,11.78571429,165,61,120,50.8,22,57,38.6,21,25,84,8,21,2.071428571,29,3.071428571,43,0.857142857,12,0.857142857,12,0.142857143,2,0.857142857,12,294.3,0,0,-16,0,0
Bruce Brown,BKN,24,25,16,9,18.88,472,6.56,164,70,123,56.9,4,22,18.2,20,29,69,33,79,4.48,112,0.96,24,0.88,22,0.64,16,0.36,9,1.88,47,387.4,1,0,-17,0,0
Derrick Favors,UTA,29,26,21,5,16.53846154,430,6.269230769,163,64,102,62.7,0,1,0,35,44,79.5,54,91,5.576923077,145,0.961538462,25,0.576923077,15,0.461538462,12,1.076923077,28,2.538461538,66,479.5,1,0,61,0,0
Kent Bazemore,GSW,31,26,13,13,15.76923077,410,6.230769231,162,58,113,51.3,24,54,44.4,22,28,78.6,11,65,2.923076923,76,1.538461538,40,1.038461538,27,0.769230769,20,0.615384615,16,2.153846154,56,394.2,0,0,98,0,0
Danilo Gallinari,ATL,32,15,5,10,19.33333333,290,10.8,162,45,108,41.7,24,63,38.1,48,51,94.1,3,41,2.933333333,44,1.133333333,17,1.133333333,17,0.2,3,0.133333333,2,1.933333333,29,238.3,0,0,-3,0,0
Ricky Rubio,MIN,30,25,7,18,24.56,614,6.44,161,56,156,35.9,12,49,24.5,37,44,84.1,9,75,3.36,84,6.2,155,2.12,53,1.32,33,0,0,2.24,56,540.3,0,0,-111,0,0
Bismack Biyombo,CHA,28,26,11,15,22.5,585,6.115384615,159,69,119,58,0,1,0,21,47,44.7,57,94,5.807692308,151,1.307692308,34,0.884615385,23,0.230769231,6,1.230769231,32,2.346153846,61,482.2,1,0,-83,0,0
Tristan Thompson,BOS,29,24,11,13,22.125,531,6.583333333,158,65,134,48.5,0,1,0,28,48,58.3,68,129,8.208333333,197,0.875,21,0.875,21,0.25,6,0.375,9,2.125,51,449.9,3,0,-31,0,0
Theo Maledon,OKC,19,21,10,11,22.66666667,476,7.523809524,158,58,146,39.7,30,82,36.6,12,19,63.2,5,50,2.619047619,55,2.857142857,60,1.80952381,38,0.952380952,20,0.047619048,1,2.142857143,45,339,0,0,-112,0,0
Malik Monk,CHA,23,15,6,9,21.06666667,316,10.53333333,158,54,120,45,33,66,50,17,20,85,5,30,2.333333333,35,1.8,27,1.133333333,17,0.266666667,4,0.133333333,2,1.266666667,19,241.5,0,0,8,0,0
D.J. Augustin,MIL,33,26,16,10,17.88461538,465,6.076923077,158,46,135,34.1,32,86,37.2,34,38,89.5,10,21,1.192307692,31,2.884615385,75,0.807692308,21,0.5,13,0.038461538,1,0.730769231,19,328.7,0,0,57,0,0
Payton Pritchard,BOS,23,20,10,10,21.3,426,7.85,157,58,123,47.2,30,70,42.9,11,12,91.7,10,41,2.55,51,2.2,44,1.25,25,0.65,13,0.25,5,1.85,37,313.2,0,0,43,0,0
Patrick Beverley,LAC,32,19,15,4,24.21052632,460,8.263157895,157,51,121,42.1,34,78,43.6,21,27,77.8,20,60,4.210526316,80,2.157894737,41,0.736842105,14,0.947368421,18,0.684210526,13,3.368421053,64,393.5,0,0,175,0,0
Jarred Vanderbilt,MIN,21,25,5,20,18.8,470,6.28,157,65,105,61.9,1,2,50,26,51,51,41,104,5.8,145,1.8,45,0.96,24,1.04,26,0.72,18,2.12,53,506.5,2,0,-85,0,0
Derrick Jones Jr.,POR,24,22,13,9,26.72727273,588,7.136363636,157,58,126,46,15,56,26.8,26,43,60.5,39,60,4.5,99,0.590909091,13,0.681818182,15,0.818181818,18,0.863636364,19,2.590909091,57,391.3,0,0,70,0,0
Raul Neto,WAS,28,20,6,14,18.75,375,7.75,155,61,136,44.9,20,56,35.7,13,17,76.5,10,35,2.25,45,1.7,34,0.65,13,1,20,0.1,2,1.35,27,313,0,0,-37,0,0
JaVale McGee,CLE,33,20,7,13,15.65,313,7.75,155,62,135,45.9,5,16,31.3,26,44,59.1,34,78,5.6,112,1,20,1.25,25,0.45,9,1.2,24,2.45,49,393.4,0,0,-85,0,0
Austin Rivers,NYK,28,21,10,11,21.04761905,442,7.333333333,154,58,135,43,28,77,36.4,10,14,71.4,5,42,2.238095238,47,2,42,1.047619048,22,0.571428571,12,0,0,1.523809524,32,287.4,0,0,-44,0,0
Willie Cauley-Stein,DAL,27,26,11,15,17.46153846,454,5.884615385,153,62,99,62.6,1,5,20,28,44,63.6,33,87,4.615384615,120,0.769230769,20,0.538461538,14,0.346153846,9,0.730769231,19,2.5,65,397,1,0,58,0,0
Kenrich Williams,OKC,26,26,11,15,18,468,5.846153846,152,63,118,53.4,14,33,42.4,12,19,63.2,38,59,3.730769231,97,1.692307692,44,0.846153846,22,0.730769231,19,0.192307692,5,1.615384615,42,384.4,0,0,-4,0,0
Karl-Anthony Towns,MIN,25,7,3,4,32.57142857,228,21.57142857,151,54,107,50.5,15,34,44.1,28,31,90.3,23,56,11.28571429,79,3.571428571,25,3,21,0.857142857,6,2.142857143,15,3.142857143,22,325.3,6,0,18,1,0
Cody Zeller,CHA,28,15,7,8,24.06666667,361,10.06666667,151,63,120,52.5,3,16,18.8,22,29,75.9,39,81,8,120,2.466666667,37,0.933333333,14,0.666666667,10,0.6,9,2.466666667,37,393.5,3,0,8,0,0
Terence Davis,TOR,23,21,9,12,14.14285714,297,7,147,55,125,44,28,72,38.9,9,10,90,6,30,1.714285714,36,0.952380952,20,0.904761905,19,0.571428571,12,0.142857143,3,1.80952381,38,246.2,0,0,18,0,0
James Johnson,DAL,33,23,9,14,18.43478261,424,6.391304348,147,60,123,48.8,14,50,28,13,24,54.2,11,60,3.086956522,71,1.608695652,37,1.086956522,25,0.869565217,20,0.826086957,19,2.086956522,48,379.7,0,0,-60,0,0
Deni Avdija,WAS,20,21,8,13,22.95238095,482,7,147,55,129,42.6,26,73,35.6,11,19,57.9,12,89,4.80952381,101,1.571428571,33,0.80952381,17,0.761904762,16,0.19047619,4,2.80952381,59,360.7,0,0,-30,0,0
James Ennis III,ORL,30,20,5,15,21.9,438,7.25,145,51,103,49.5,17,38,44.7,26,31,83.9,23,52,3.75,75,1.35,27,1,20,0.95,19,0.3,6,2.2,44,330.5,1,0,17,0,0
T.J. McConnell,IND,28,25,13,12,23.76,594,5.76,144,67,133,50.4,6,16,37.5,4,12,33.3,18,68,3.44,86,6.64,166,1.8,45,1.8,45,0.36,9,1.56,39,613.2,0,0,81,0,0
Thomas Bryant,WAS,23,10,2,8,27.1,271,14.3,143,59,91,64.8,9,21,42.9,16,24,66.7,18,43,6.1,61,1.5,15,1.1,11,0.4,4,0.8,8,3.1,31,263.7,1,0,-14,0,0
Devin Vassell,SAS,20,26,16,10,17.34615385,451,5.5,143,50,126,39.7,25,63,39.7,18,21,85.7,16,67,3.192307692,83,1.076923077,28,0.461538462,12,1.115384615,29,0.346153846,9,1.230769231,32,386.6,0,0,24,0,0
Danuel House Jr.,HOU,27,16,7,9,28.3125,453,8.9375,143,49,135,36.3,22,81,27.2,23,30,76.7,8,52,3.75,60,2.1875,35,0.9375,15,0.8125,13,0.5625,9,1.875,30,318.5,0,0,-53,0,0
Semi Ojeleye,BOS,26,25,12,13,19.04,476,5.64,141,47,112,42,29,78,37.2,18,25,72,16,60,3.04,76,0.88,22,0.44,11,0.24,6,0,0,1.2,30,272.2,0,0,56,0,0
Gorgui Dieng,MEM,31,18,7,11,18.38888889,331,7.833333333,141,49,90,54.4,19,38,50,24,29,82.8,27,64,5.055555556,91,1.444444444,26,1.111111111,20,0.888888889,16,0.722222222,13,1.888888889,34,356.2,0,0,4,0,0
Xavier Tillman,MEM,22,17,9,8,21.35294118,363,8.176470588,139,60,111,54.1,7,22,31.8,12,16,75,25,55,4.705882353,80,1.647058824,28,0.647058824,11,0.941176471,16,0.705882353,12,2.647058824,45,350,0,0,13,0,0
Jaylen Nowell,MIN,21,13,3,10,16.92307692,220,10.53846154,137,51,109,46.8,17,47,36.2,18,24,75,7,17,1.846153846,24,0.846153846,11,0.692307692,9,0.384615385,5,0.307692308,4,1.769230769,23,200.3,0,0,17,0,0
Isaiah Stewart,DET,19,25,8,17,18.04,451,5.44,136,57,106,53.8,1,4,25,21,30,70,63,71,5.36,134,0.64,16,0.76,19,0.48,12,0.96,24,2.76,69,409.8,2,0,16,0,0
Aron Baynes,TOR,34,24,11,13,18.83333333,452,5.625,135,58,143,40.6,12,54,22.2,7,8,87.5,37,94,5.458333333,131,1,24,0.833333333,20,0.291666667,7,0.333333333,8,2.625,63,353.2,0,0,-42,0,0
Georges Niang,UTA,27,28,23,5,12.78571429,358,4.785714286,134,51,127,40.2,29,86,33.7,3,3,100,9,53,2.214285714,62,0.785714286,22,0.678571429,19,0.392857143,11,0.107142857,3,1.535714286,43,264.4,0,0,63,0,0
Frank Kaminsky,PHX,27,20,14,6,15.75,315,6.65,133,52,115,45.2,15,39,38.5,14,23,60.9,19,70,4.45,89,2,40,0.5,10,0.2,4,0.5,10,1.6,32,331.8,1,0,17,0,0
Garrison Mathews,WAS,24,19,7,12,16.05263158,305,6.947368421,132,35,89,39.3,27,70,38.6,35,38,92.1,8,21,1.526315789,29,0.473684211,9,0.157894737,3,0.947368421,18,0.210526316,4,1.526315789,29,243.3,0,0,-3,0,0
Justin Jackson,OKC,25,16,5,11,18.625,298,8.1875,131,50,108,46.3,18,53,34,13,16,81.3,7,34,2.5625,41,1.8125,29,0.8125,13,0.4375,7,0,0,1.1875,19,231.7,0,0,-15,0,0
Furkan Korkmaz,PHI,23,17,11,6,19.70588235,335,7.705882353,131,47,124,37.9,23,71,32.4,14,16,87.5,4,39,2.529411765,43,0.764705882,13,0.941176471,16,0.705882353,12,0.117647059,2,1.117647059,19,228.1,0,0,3,0,0
Pat Connaughton,MIL,28,24,14,10,18.45833333,443,5.416666667,130,48,113,42.5,29,76,38.2,5,8,62.5,20,70,3.75,90,1.416666667,34,0.25,6,0.708333333,17,0.375,9,1.291666667,31,361,0,0,114,0,0
Jarrett Culver,MIN,21,16,4,12,21.1875,339,8.125,130,51,111,45.9,8,31,25.8,20,33,60.6,25,55,5,80,0.9375,15,1.3125,21,0.6875,11,0.375,6,2.375,38,278.5,1,0,-50,0,0
Caleb Martin,CHA,25,23,11,12,15.7826087,363,5.608695652,129,50,119,42,15,50,30,14,25,56,19,45,2.782608696,64,1.260869565,29,0.695652174,16,0.869565217,20,0.304347826,7,1.086956522,25,314.3,0,0,-40,0,0
Jeff Teague,BOS,32,22,10,12,17.63636364,388,5.772727273,127,42,128,32.8,16,37,43.2,27,30,90,6,29,1.590909091,35,2.090909091,46,1,22,0.954545455,21,0.136363636,3,0.954545455,21,288,0,0,59,0,0
Grant Williams,BOS,22,23,11,12,19.13043478,440,5.434782609,125,44,96,45.8,22,51,43.1,15,29,51.7,24,48,3.130434783,72,0.869565217,20,0.956521739,22,0.47826087,11,0.434782609,10,3,69,282.4,0,0,-59,0,0
Draymond Green,GSW,30,24,13,11,28.95833333,695,5.208333333,125,47,130,36.2,8,43,18.6,23,34,67.6,14,121,5.625,135,8.291666667,199,2.625,63,1.333333333,32,0.625,15,3.083333333,74,663.5,3,0,84,0,0
Kevin Knox II,NYK,21,22,11,11,16.90909091,372,5.590909091,123,44,112,39.3,25,65,38.5,10,12,83.3,9,39,2.181818182,48,0.772727273,17,0.727272727,16,0.363636364,8,0.272727273,6,1.5,33,232.1,0,0,-71,0,0
Daniel Gafford,CHI,22,23,10,13,14.34782609,330,5.347826087,123,49,73,67.1,0,0,0,25,37,67.6,33,43,3.304347826,76,0.695652174,16,0.782608696,18,0.47826087,11,1.260869565,29,2.043478261,47,340.2,0,0,-23,0,0
Brad Wanamaker,GSW,31,28,15,13,16.25,455,4.392857143,123,39,114,34.2,10,44,22.7,35,40,87.5,6,43,1.75,49,2.642857143,74,0.821428571,23,0.785714286,22,0.142857143,4,1.5,42,347.8,0,0,2,0,0
P.J. Tucker,HOU,35,26,11,15,30,780,4.692307692,122,42,112,37.5,24,73,32.9,14,17,82.4,26,94,4.615384615,120,1.384615385,36,1.038461538,27,0.846153846,22,0.538461538,14,3.038461538,79,401,0,0,-76,0,0
Solomon Hill,ATL,29,27,11,16,19.03703704,514,4.481481481,121,42,118,35.6,29,89,32.6,8,10,80,11,53,2.37037037,64,0.851851852,23,0.555555556,15,0.62962963,17,0.222222222,6,1.592592593,43,286.3,0,0,-35,0,0
PJ Dozier,DEN,24,17,10,7,19.41176471,330,7.117647059,121,44,94,46.8,15,37,40.5,18,25,72,16,54,4.117647059,70,1.352941176,23,0.764705882,13,0.529411765,9,0.588235294,10,1.705882353,29,283.5,0,0,23,0,0
Maxi Kleber,DAL,29,17,10,7,25.58823529,435,7.058823529,120,37,86,43,29,64,45.3,17,18,94.4,16,75,5.352941176,91,1.470588235,25,0.588235294,10,0.352941176,6,0.764705882,13,2.352941176,40,313.7,0,0,9,0,0
De'Anthony Melton,MEM,22,12,6,6,21.5,258,10,120,48,100,48,19,43,44.2,5,8,62.5,4,32,3,36,3.166666667,38,1.416666667,17,0.916666667,11,1,12,2.083333333,25,272.2,0,0,78,0,0
Jake Layman,MIN,26,19,4,15,15.36842105,292,6.263157895,119,45,92,48.9,11,37,29.7,18,23,78.3,5,23,1.473684211,28,0.526315789,10,0.526315789,10,0.894736842,17,0.473684211,9,1.210526316,23,235.6,0,0,-62,0,0
Jusuf Nurkic,POR,26,12,7,5,23.33333333,280,9.833333333,118,50,103,48.5,3,12,25,15,27,55.6,23,69,7.666666667,92,2.75,33,1.916666667,23,0.916666667,11,0.916666667,11,2.75,33,320.9,4,0,16,0,0
Alex Caruso,LAL,26,21,15,6,18.76190476,394,5.619047619,118,44,95,46.3,21,48,43.8,9,10,90,11,40,2.428571429,51,2.238095238,47,1.19047619,25,1,21,0.142857143,3,1.619047619,34,296.7,0,0,108,0,0
Glenn Robinson III,SAC,27,22,9,13,15.72727273,346,5.318181818,117,40,93,43,16,43,37.2,21,23,91.3,7,29,1.636363636,36,0.909090909,20,0.454545455,10,0.136363636,3,0.136363636,3,0.954545455,21,198.2,0,0,-114,0,0
Max Strus,MIA,24,16,4,12,14.6875,235,7.25,116,41,79,51.9,27,64,42.2,7,9,77.8,1,16,1.0625,17,0.5,8,0.1875,3,0.125,2,0,0,1.1875,19,151.4,0,0,-59,0,0
Ben McLemore,HOU,28,19,8,11,14.89473684,283,6.105263158,116,38,103,36.9,27,76,35.5,13,18,72.2,6,32,2,38,1,19,1.052631579,20,0.473684211,9,0.052631579,1,1.210526316,23,200.1,0,0,-42,0,0
Mychal Mulder,GSW,26,27,14,13,10.7037037,289,4.222222222,114,38,77,49.4,31,68,45.6,7,11,63.6,1,25,0.962962963,26,0.407407407,11,0.185185185,5,0.222222222,6,0.222222222,6,0.962962963,26,192.7,0,0,61,0,0
Jaden McDaniels,MIN,20,21,4,17,17.9047619,376,5.380952381,113,43,106,40.6,21,56,37.5,6,15,40,15,57,3.428571429,72,1.047619048,22,0.80952381,17,0.333333333,7,0.952380952,20,2.523809524,53,296.4,0,0,46,0,0
Robert Williams III,BOS,23,19,10,9,14.63157895,278,5.894736842,112,48,68,70.6,0,1,0,16,22,72.7,42,58,5.263157895,100,0.684210526,13,1.105263158,21,0.894736842,17,1.157894737,22,1.578947368,30,347.5,1,0,-11,0,0
Gabe Vincent,MIA,24,17,8,9,16.52941176,281,6.588235294,112,40,113,35.4,17,70,24.3,15,17,88.2,3,18,1.235294118,21,1.529411765,26,1.058823529,18,0.411764706,7,0.058823529,1,2,34,182.2,0,0,-15,0,0
Marc Gasol,LAL,36,28,21,7,19.64285714,550,3.964285714,111,36,93,38.7,17,53,32.1,22,25,88,22,95,4.178571429,117,1.857142857,52,0.857142857,24,0.428571429,12,1.214285714,34,2.357142857,66,443.4,0,0,87,0,0
Alex Len,WAS,27,19,5,14,14.42105263,274,5.789473684,110,42,67,62.7,6,19,31.6,20,32,62.5,13,49,3.263157895,62,1.052631579,20,1.157894737,22,0.421052632,8,1.105263158,21,1.842105263,35,279.4,0,0,-49,0,0
Wesley Matthews,LAL,34,21,14,7,20.28571429,426,5.19047619,109,35,88,39.8,27,71,38,12,15,80,8,20,1.333333333,28,1.095238095,23,0.333333333,7,0.476190476,10,0.380952381,8,1.523809524,32,224.1,0,0,-18,0,0
Rodney Hood,POR,28,22,15,7,18.95454545,417,4.954545455,109,46,125,36.8,14,45,31.1,3,5,60,4,34,1.727272727,38,1.272727273,28,0.772727273,17,0.681818182,15,0.090909091,2,1.5,33,230.6,0,0,-49,0,0
Terance Mann,LAC,24,26,19,7,14.5,377,4.153846154,108,40,88,45.5,6,22,27.3,22,30,73.3,23,63,3.307692308,86,1.076923077,28,0.653846154,17,0.5,13,0.192307692,5,1.461538462,38,290.2,0,0,-25,0,0
Josh Okogie,MIN,22,21,7,14,20.80952381,437,5,105,36,105,34.3,8,43,18.6,25,34,73.5,20,36,2.666666667,56,1.142857143,24,0.761904762,16,0.80952381,17,0.666666667,14,1.857142857,39,285.2,0,0,-90,0,0
Langston Galloway,PHX,29,22,15,7,11.13636364,245,4.727272727,104,34,73,46.6,20,42,47.6,16,16,100,4,20,1.090909091,24,0.681818182,15,0.318181818,7,0.181818182,4,0,0,0.590909091,13,160.3,0,0,14,0,0
Andre Iguodala,MIA,37,25,11,14,21.28,532,4.16,104,37,103,35.9,25,81,30.9,5,11,45.5,12,80,3.68,92,2.4,60,1.04,26,1.08,27,0.48,12,1.44,36,395.4,0,0,-89,0,0
Markelle Fultz,ORL,22,8,6,2,26.875,215,12.875,103,41,104,39.4,4,16,25,17,19,89.5,5,20,3.125,25,5.375,43,2.25,18,1,8,0.25,2,2.25,18,209.5,1,0,-29,0,0
Juan Toscano-Anderson,GSW,27,15,7,8,21.86666667,328,6.866666667,103,41,74,55.4,11,26,42.3,10,14,71.4,12,62,4.933333333,74,2,30,1.133333333,17,0.533333333,8,0.666666667,10,2.2,33,273.8,0,0,22,0,0
Sekou Doumbouya,DET,20,24,6,18,13.08333333,314,4.125,99,36,102,35.3,10,39,25.6,17,23,73.9,15,43,2.416666667,58,0.583333333,14,0.666666667,16,0.416666667,10,0.083333333,2,1.541666667,37,209.6,0,0,-117,0,0
Mason Jones,HOU,22,17,7,10,11.29411765,192,5.823529412,99,33,69,47.8,17,39,43.6,16,29,55.2,3,31,2,34,1.411764706,24,1.117647059,19,0.294117647,5,0,0,1.058823529,18,171.8,0,0,-53,0,0
Ish Smith,WAS,32,19,6,13,20.57894737,391,5.210526316,99,44,116,37.9,5,20,25,6,15,40,10,56,3.473684211,66,4.736842105,90,1,19,0.789473684,15,0.210526316,4,0.947368421,18,351.2,0,0,23,0,0
Tomas Satoransky,CHI,29,15,6,9,19.53333333,293,6.533333333,98,34,66,51.5,11,24,45.8,19,21,90.5,4,36,2.666666667,40,4.866666667,73,1.533333333,23,0.666666667,10,0.2,3,1.2,18,271.5,0,0,50,0,0
Cameron Payne,PHX,26,15,9,6,17.4,261,6.466666667,97,38,84,45.2,12,34,35.3,9,9,100,2,28,2,30,3.6,54,1.2,18,0.6,9,0.2,3,2.066666667,31,232,0,0,60,0,0
Brandon Goodwin,ATL,25,22,9,13,12.72727273,280,4.409090909,97,33,102,32.4,14,52,26.9,17,24,70.8,3,24,1.227272727,27,1.954545455,43,0.545454545,12,0.454545455,10,0,0,1.045454545,23,211.9,0,0,-20,0,0
Markieff Morris,LAL,31,22,15,7,15.22727273,335,4.363636364,96,33,88,37.5,17,57,29.8,13,18,72.2,14,64,3.545454545,78,0.909090909,20,0.5,11,0.136363636,3,0.272727273,6,1.454545455,32,235.6,0,0,27,0,0
Dario Saric,PHX,26,9,6,3,18.55555556,167,10.66666667,96,33,75,44,11,34,32.4,19,20,95,7,32,4.333333333,39,1.222222222,11,1.555555556,14,0.888888889,8,0.222222222,2,2.111111111,19,175.3,0,0,71,0,0
Obi Toppin,NYK,22,19,9,10,12,228,5,95,39,81,48.1,10,35,28.6,7,10,70,5,43,2.526315789,48,0.473684211,9,0.526315789,10,0.157894737,3,0.421052632,8,0.894736842,17,189.1,0,0,-3,0,0
Nerlens Noel,NYK,26,24,11,13,18.54166667,445,3.916666667,94,41,71,57.7,0,2,0,12,20,60,36,88,5.166666667,124,0.458333333,11,0.958333333,23,0.916666667,22,2,48,2.166666667,52,446.3,0,0,14,0,0
Derrick White,SAS,26,8,5,3,23.625,189,11.75,94,34,86,39.5,15,44,34.1,11,15,73.3,1,13,1.75,14,3.875,31,0.875,7,1,8,1,8,2.25,18,198.3,0,0,41,0,0
Facundo Campazzo,DEN,29,23,15,8,12.39130435,285,4.043478261,93,28,77,36.4,20,54,37,17,22,77.3,4,12,0.695652174,16,1.695652174,39,0.652173913,15,0.826086957,19,0.130434783,3,1.739130435,40,221.7,0,0,41,0,0
Nemanja Bjelica,SAC,32,13,4,9,16.23076923,211,6.923076923,90,30,67,44.8,7,26,26.9,23,28,82.1,12,37,3.769230769,49,2.153846154,28,1.230769231,16,0,0,0.153846154,2,1.846153846,24,180.8,0,0,-28,0,0
Dylan Windler,CLE,24,15,4,11,17.46666667,262,6,90,31,65,47.7,13,42,31,15,17,88.2,11,45,3.733333333,56,1.2,18,1,15,0.6,9,0.533333333,8,1.266666667,19,220.2,1,0,-30,0,0
Bogdan Bogdanovic,ATL,28,9,4,5,23.66666667,213,9.888888889,89,30,78,38.5,21,58,36.2,8,9,88.9,2,32,3.777777778,34,2.111111111,19,1.222222222,11,0.444444444,4,0.111111111,1,2,18,162.3,0,0,-19,0,0
Moritz Wagner,WAS,23,13,4,9,14.46153846,188,6.615384615,86,32,53,60.4,6,17,35.3,16,25,64,6,37,3.307692308,43,1,13,0.615384615,8,0.692307692,9,0.307692308,4,2.692307692,35,188.1,0,0,44,0,0
Avery Bradley,MIA,30,10,4,6,21.1,211,8.5,85,31,66,47,16,38,42.1,7,9,77.8,2,16,1.8,18,1.4,14,0.9,9,0.7,7,0.1,1,2.6,26,142.6,0,0,-14,0,0
Kira Lewis Jr.,NOP,19,15,5,10,12.26666667,184,5.6,84,31,75,41.3,9,23,39.1,13,18,72.2,1,11,0.8,12,1.466666667,22,0.466666667,7,0.6,9,0.066666667,1,1,15,154.4,0,0,1,0,0
Juancho Hernangomez,MIN,25,13,4,9,18.61538462,242,6.384615385,83,30,75,40,14,44,31.8,9,14,64.3,13,52,5,65,0.538461538,7,0.461538462,6,0.384615385,5,0.153846154,2,0.923076923,12,186.5,0,0,-37,0,0
Jordan Poole,GSW,21,15,8,7,9.533333333,143,5.533333333,83,26,61,42.6,13,39,33.3,18,19,94.7,2,16,1.2,18,0.866666667,13,0.533333333,8,0.2,3,0.133333333,2,0.933333333,14,131.1,0,0,-1,0,0
Lamar Stevens,CLE,23,18,5,13,14.72222222,265,4.555555556,82,31,77,40.3,2,15,13.3,18,27,66.7,7,39,2.555555556,46,1.055555556,19,0.444444444,8,0.444444444,8,0.277777778,5,1.222222222,22,196.7,0,0,-82,0,0
Jaxson Hayes,NOP,20,19,7,12,12.21052632,232,4.315789474,82,33,52,63.5,0,0,0,16,24,66.7,23,45,3.578947368,68,0.473684211,9,0.684210526,13,0.315789474,6,0.368421053,7,1.842105263,35,203.1,0,0,-53,0,0
Abdel Nader,PHX,27,11,6,5,14.81818182,163,7.363636364,81,29,59,49.2,9,23,39.1,14,18,77.8,0,28,2.545454545,28,1,11,0.727272727,8,0.363636364,4,0.090909091,1,1.090909091,12,138.1,0,0,10,0,0
Matisse Thybulle,PHI,23,25,17,8,17.2,430,3.2,80,30,81,37,14,51,27.5,6,12,50,7,26,1.32,33,0.72,18,0.32,8,1.48,37,0.84,21,1.92,48,312.6,0,0,-9,0,0
Gary Clark,ORL,26,25,7,18,21,525,3.2,80,27,94,28.7,20,80,25,6,7,85.7,28,60,3.52,88,0.88,22,0.6,15,0.32,8,0.2,5,1.16,29,242.6,0,0,-87,0,0
Dwight Powell,DAL,29,17,9,8,16.29411765,277,4.705882353,80,24,47,51.1,1,7,14.3,31,45,68.9,20,41,3.588235294,61,0.941176471,16,0.647058824,11,0.764705882,13,0.352941176,6,2.411764706,41,223.2,0,0,9,0,0
Kevon Looney,GSW,25,21,11,10,14.61904762,307,3.666666667,77,33,53,62.3,2,5,40,9,13,69.2,32,55,4.142857143,87,1.761904762,37,0.666666667,14,0.333333333,7,0.285714286,6,1.761904762,37,261.9,0,0,62,0,0
Jordan McLaughlin,MIN,24,15,2,13,18.13333333,272,5.133333333,77,32,77,41.6,6,19,31.6,7,9,77.8,8,24,2.133333333,32,4.533333333,68,1.133333333,17,0.866666667,13,0.2,3,0.8,12,248.4,0,0,-11,0,0
Isaiah Joe,PHI,21,15,6,9,13.33333333,200,5.133333333,77,26,65,40,20,51,39.2,5,5,100,4,15,1.266666667,19,0.933333333,14,0.333333333,5,0.266666667,4,0.266666667,4,1.333333333,20,139.8,0,0,3,0,0
Stanley Johnson,TOR,24,25,12,13,14.72,368,3.04,76,25,62,40.3,15,37,40.5,11,14,78.6,14,49,2.52,63,1.44,36,0.72,18,0.84,21,0.32,8,1.72,43,274.6,0,0,-32,0,0
Javonte Green,BOS,27,16,7,9,14.875,238,4.6875,75,27,54,50,5,19,26.3,16,25,64,16,25,2.5625,41,0.5,8,0.5,8,0.875,14,0.125,2,1,16,176.2,0,0,-27,0,0
DeAndre' Bembry,TOR,26,18,10,8,13.5,243,4.055555556,73,30,51,58.8,7,14,50,6,9,66.7,8,22,1.666666667,30,1.666666667,30,0.611111111,11,0.611111111,11,0.277777778,5,1.166666667,21,191,0,0,38,0,0
E'Twaun Moore,PHX,31,13,10,3,16.61538462,216,5.538461538,72,31,71,43.7,4,17,23.5,6,8,75,5,15,1.538461538,20,1.615384615,21,0.923076923,12,0.846153846,11,0.076923077,1,1.615384615,21,151.5,0,0,-11,0,0
Michael Carter-Williams,ORL,29,9,6,3,24,216,7.888888889,71,27,74,36.5,2,16,12.5,15,20,75,18,27,5,45,2.555555556,23,1.555555556,14,0.444444444,4,0.444444444,4,2.777777778,25,169.5,0,0,30,0,0
Jerome Robinson,WAS,23,13,3,10,17,221,5.230769231,68,22,67,32.8,9,31,29,15,17,88.2,2,31,2.538461538,33,1.384615385,18,0.846153846,11,0.461538462,6,0.153846154,2,1.615384615,21,147.6,0,0,-70,0,0
Harry Giles III,POR,22,22,13,9,11.81818182,260,3.090909091,68,26,62,41.9,3,8,37.5,13,18,72.2,25,83,4.909090909,108,0.909090909,20,0.727272727,16,0.227272727,5,0.409090909,9,2,44,253.6,0,0,-78,0,0
John Konchar,MEM,24,14,7,7,16.78571429,235,4.714285714,66,23,50,46,7,18,38.9,13,14,92.9,16,43,4.214285714,59,1.285714286,18,0.428571429,6,1,14,0.357142857,5,1.5,21,214.8,0,0,20,0,0
Jevon Carter,PHX,25,23,14,9,11.13043478,256,2.869565217,66,25,73,34.2,14,49,28.6,2,2,100,3,29,1.391304348,32,1.130434783,26,0.217391304,5,0.434782609,10,0.260869565,6,1.173913043,27,186.4,0,0,-12,0,0
Carsen Edwards,BOS,22,13,6,7,10.30769231,134,5,65,24,55,43.6,10,30,33.3,7,9,77.8,2,11,1,13,0.384615385,5,0.153846154,2,0.307692308,4,0.076923077,1,1.230769231,16,101.1,0,0,-23,0,0
Boban Marjanovic,DAL,32,15,4,11,7.2,108,4.333333333,65,28,54,51.9,0,3,0,9,13,69.2,20,30,3.333333333,50,0.066666667,1,0.2,3,0,0,0,0,0.8,12,123.5,1,0,13,0,0
Willy Hernangomez,NOP,26,11,4,7,15.81818182,174,5.727272727,63,26,47,55.3,0,4,0,11,19,57.9,21,38,5.363636364,59,1.272727273,14,0.272727273,3,0.454545455,5,0.454545455,5,0.909090909,10,181.8,2,0,6,0,0
Troy Brown Jr.,WAS,21,13,3,10,15.76923077,205,4.769230769,62,22,62,35.5,11,36,30.6,7,12,58.3,8,37,3.461538462,45,1,13,0.923076923,12,0.153846154,2,0.153846154,2,1.769230769,23,135.5,0,0,-43,0,0
T.J. Warren,IND,27,4,3,1,29.25,117,15.5,62,27,51,52.9,0,7,0,8,10,80,2,12,3.5,14,1.25,5,1,4,0.5,2,0,0,4,16,88.3,0,0,1,0,0
Isaiah Hartenstein,DEN,22,16,7,9,8.5625,137,3.875,62,23,47,48.9,0,0,0,16,26,61.5,25,24,3.0625,49,0.5625,9,0.875,14,0.375,6,0.75,12,2.1875,35,174.3,0,0,35,0,0
Edmond Sumner,IND,25,16,7,9,9.375,150,3.875,62,24,48,50,5,16,31.3,9,14,64.3,6,15,1.3125,21,0.5,8,0.625,10,0.5,8,0.0625,1,1.0625,17,116.2,0,0,-11,0,0
Mo Bamba,ORL,22,12,3,9,8.583333333,103,4.916666667,59,26,50,52,4,15,26.7,3,5,60,15,29,3.666666667,44,0.333333333,4,0.333333333,4,0.166666667,2,0.666666667,8,1.166666667,14,143.8,0,0,10,0,0
Yuta Watanabe,TOR,26,18,11,7,12.38888889,223,3.111111111,56,18,51,35.3,12,28,42.9,8,8,100,16,43,3.277777778,59,0.388888889,7,0.444444444,8,0.5,9,0.611111111,11,1.055555556,19,189.3,0,0,15,0,0
Jordan Bone,ORL,23,14,2,12,14,196,4,56,23,54,42.6,10,32,31.3,0,0,0,4,20,1.714285714,24,1.285714286,18,0.214285714,3,0.142857143,2,0,0,0.785714286,11,114.8,0,0,-59,0,0
Aleksej Pokusevski,OKC,19,17,7,10,17.41176471,296,3.294117647,56,23,93,24.7,10,56,17.9,0,0,0,5,55,3.529411765,60,1.235294118,21,1.294117647,22,0.470588235,8,1.117647059,19,0.941176471,16,218.5,0,0,-79,0,0
Goga Bitadze,IND,21,13,5,8,9.538461538,124,4.230769231,55,22,38,57.9,2,12,16.7,9,12,75,9,20,2.230769231,29,0.230769231,3,0.307692308,4,0.230769231,3,1.076923077,14,1.769230769,23,141.3,0,0,-8,0,0
Chuma Okeke,ORL,22,12,6,6,22.16666667,266,4.416666667,53,21,55,38.2,8,27,29.6,3,6,50,16,27,3.583333333,43,2.25,27,0.75,9,0.75,9,0.333333333,4,1.083333333,13,175.1,0,0,-12,0,0
Jordan Nwora,MIL,22,10,7,3,8.2,82,5.1,51,17,37,45.9,8,16,50,9,10,90,1,14,1.5,15,0,0,1,10,0.4,4,0.2,2,0.9,9,77,0,0,-7,0,0
Jahlil Okafor,DET,25,12,1,11,10,120,4.25,51,25,42,59.5,0,3,0,1,2,50,13,14,2.25,27,0.25,3,0.333333333,4,0.166666667,2,0.166666667,2,0.833333333,10,95.9,0,0,-36,0,0
Cody Martin,CHA,25,17,9,8,9.352941176,159,3,51,20,38,52.6,3,13,23.1,8,10,80,10,24,2,34,0.941176471,16,0.529411765,9,0.411764706,7,0,0,0.529411765,9,127.8,0,0,-22,0,0
Reggie Perry,BKN,20,14,10,4,10.5,147,3.571428571,50,21,51,41.2,2,12,16.7,6,9,66.7,17,34,3.642857143,51,0.857142857,12,0.785714286,11,0.142857143,2,0.357142857,5,1.928571429,27,139.2,1,0,-30,0,0
Nassir Little,POR,21,11,6,5,10.90909091,120,4.545454545,50,17,34,50,8,14,57.1,8,9,88.9,10,13,2.090909091,23,0.181818182,2,0.545454545,6,0.181818182,2,0.363636364,4,0.818181818,9,92.6,0,0,-33,0,0
Trey Lyles,SAS,25,14,7,7,11.78571429,165,3.5,49,18,36,50,4,15,26.7,9,15,60,7,36,3.071428571,43,0.5,7,0,0,0,0,0,0,0.357142857,5,111.1,0,0,-46,0,0
Dean Wade,CLE,24,23,7,16,8.347826087,192,2.130434783,49,17,49,34.7,11,33,33.3,4,5,80,8,21,1.260869565,29,0.434782609,10,0.434782609,10,0.217391304,5,0.086956522,2,0.695652174,16,109.8,0,0,-49,0,0
Dakota Mathias,PHI,25,8,4,4,15.375,123,6,48,19,48,39.6,8,26,30.8,2,6,33.3,1,6,0.875,7,1.625,13,0.125,1,0.125,1,0.375,3,0.875,7,86.9,0,0,-31,0,0
Rajon Rondo,ATL,34,14,7,7,15.28571429,214,3.357142857,47,19,55,34.5,8,26,30.8,1,2,50,4,28,2.285714286,32,3.857142857,54,1.357142857,19,0.642857143,9,0.071428571,1,0.928571429,13,177.4,0,0,-33,0,0
Mike Scott,PHI,32,10,6,4,18.2,182,4.5,45,16,47,34,11,38,28.9,2,3,66.7,4,21,2.5,25,0.1,1,0.5,5,0.3,3,0.2,2,1.5,15,86.5,0,0,-37,0,0
Tony Snell,ATL,29,14,7,7,12.57142857,176,3.142857143,44,15,37,40.5,14,27,51.9,0,0,0,6,17,1.642857143,23,1,14,0.428571429,6,0.071428571,1,0.142857143,2,1,14,95.6,0,0,-17,0,0
Drew Eubanks,SAS,24,11,5,6,12.63636364,139,4,44,16,37,43.2,0,0,0,12,16,75,7,30,3.363636364,37,0.363636364,4,0.454545455,5,0.090909091,1,1.363636364,15,1.272727273,14,137.4,0,0,-65,0,0
Torrey Craig,MIL,30,14,8,6,11.92857143,167,3.071428571,43,17,36,47.2,8,18,44.4,1,2,50,12,26,2.714285714,38,0.857142857,12,0.357142857,5,0.5,7,0.357142857,5,1.571428571,22,137.6,0,0,-38,0,0
Ed Davis,MIN,31,19,4,15,13.89473684,264,2.263157895,43,18,43,41.9,0,0,0,7,8,87.5,38,59,5.105263158,97,1,19,0.315789474,6,0.526315789,10,0.526315789,10,2.578947368,49,241.9,0,0,-64,0,0
Amir Coffey,LAC,23,18,13,5,7.111111111,128,2.388888889,43,16,34,47.1,9,18,50,2,7,28.6,2,9,0.611111111,11,0.444444444,8,0.222222222,4,0.222222222,4,0,0,0.555555556,10,76.2,0,0,-18,0,0
Tyler Johnson,BKN,28,12,7,5,10.58333333,127,3.5,42,16,37,43.2,10,24,41.7,0,0,0,2,8,0.833333333,10,0.916666667,11,0.333333333,4,0.333333333,4,0,0,0.5,6,78.5,0,0,-12,0,0
Josh Green,DAL,20,17,6,11,12.47058824,212,2.470588235,42,17,36,47.2,2,12,16.7,6,11,54.5,12,27,2.294117647,39,0.588235294,10,0.647058824,11,0.235294118,4,0.058823529,1,0.941176471,16,107.8,0,0,-7,0,0
Tony Bradley,PHI,23,10,3,7,11.7,117,4.1,41,19,36,52.8,0,1,0,3,5,60,21,29,5,50,0.6,6,0.1,1,0.3,3,0.6,6,1.1,11,136,1,0,11,0,0
Jalen McDaniels,CHA,23,10,3,7,10.8,108,4.1,41,16,33,48.5,2,9,22.2,7,11,63.6,4,17,2.1,21,0.6,6,0.9,9,0.2,2,0,0,1.5,15,72.2,0,0,-7,0,0
Thanasis Antetokounmpo,MIL,28,17,12,5,8.764705882,149,2.352941176,40,17,26,65.4,2,7,28.6,4,7,57.1,13,18,1.823529412,31,0.882352941,15,0.882352941,15,0.294117647,5,0.176470588,3,1.470588235,25,108.7,0,0,-36,0,0
R.J. Hampton,DEN,20,19,12,7,7.789473684,148,2.105263158,40,16,39,41,4,13,30.8,4,6,66.7,8,28,1.894736842,36,0.526315789,10,0.526315789,10,0.263157895,5,0.105263158,2,0.631578947,12,109.2,0,0,-46,0,0
Zeke Nnaji,DEN,20,13,10,3,5.538461538,72,3,39,14,25,56,9,15,60,2,4,50,4,5,0.692307692,9,0,0,0,0,0.076923077,1,0.076923077,1,0.384615385,5,55.8,0,0,-31,0,0
Isaac Bonga,WAS,21,17,4,13,13.52941176,230,2.294117647,39,14,36,38.9,9,22,40.9,2,3,66.7,8,30,2.235294118,38,0.529411765,9,0.411764706,7,0.235294118,4,0.235294118,4,1.647058824,28,115.1,0,0,-27,0,0
CJ Elleby,POR,20,11,7,4,8.363636364,92,3.545454545,39,14,28,50,5,17,29.4,6,9,66.7,4,8,1.090909091,12,0.272727273,3,0.272727273,3,0.272727273,3,0.272727273,3,1.454545455,16,72.9,0,0,-10,0,0
Patrick Patterson,LAC,31,9,7,2,12.77777778,115,4.222222222,38,13,31,41.9,9,24,37.5,3,4,75,3,11,1.555555556,14,0.555555556,5,0.666666667,6,0.333333333,3,0.111111111,1,1.333333333,12,68.3,0,0,3,0,0
Chris Chiozza,BKN,25,11,5,6,9.090909091,100,3.454545455,38,12,40,30,5,17,29.4,9,11,81.8,3,7,0.909090909,10,2.272727273,25,0.727272727,8,0.363636364,4,0.272727273,3,0.636363636,7,100.5,0,0,-26,0,0
Aaron Nesmith,BOS,21,11,6,5,13.27272727,146,3.454545455,38,13,41,31.7,10,33,30.3,2,3,66.7,3,17,1.818181818,20,0.454545455,5,0.727272727,8,0,0,0.181818182,2,1.727272727,19,67.5,0,0,-15,0,0
Wes Iwundu,DAL,26,17,7,10,13.64705882,232,2.176470588,37,13,46,28.3,3,23,13,8,10,80,5,28,1.941176471,33,0.470588235,8,0.235294118,4,0.411764706,7,0.117647059,2,1.176470588,20,111.6,0,0,-55,0,0
D.J. Wilson,MIL,24,10,8,2,9.4,94,3.7,37,14,37,37.8,8,23,34.8,1,2,50,3,19,2.2,22,0.3,3,0.4,4,0.1,1,0.3,3,1.2,12,75.9,0,0,-24,0,0
Chimezie Metu,SAC,23,11,4,7,6.454545455,71,3.363636364,37,15,30,50,1,3,33.3,6,9,66.7,11,12,2.090909091,23,0.454545455,5,0.545454545,6,0.272727273,3,0.545454545,6,0.909090909,10,93.1,0,0,-19,0,0
Matt Thomas,TOR,26,13,7,6,6,78,2.692307692,35,11,27,40.7,9,20,45,4,4,100,1,7,0.615384615,8,0.461538462,6,0.307692308,4,0.153846154,2,0,0,0.384615385,5,55.6,0,0,-19,0,0
Skylar Mays,ATL,23,9,4,5,6.111111111,55,3.666666667,33,11,26,42.3,5,12,41.7,6,6,100,2,4,0.666666667,6,0.555555556,5,0.111111111,1,0.111111111,1,0,0,0.333333333,3,49.7,0,0,9,0,0
KZ Okpala,MIA,21,14,6,8,12,168,2.357142857,33,12,31,38.7,7,19,36.8,2,6,33.3,4,16,1.428571429,20,0.428571429,6,0.571428571,8,0.214285714,3,0.142857143,2,1.357142857,19,73,0,0,-68,0,0
Killian Hayes,DET,19,7,1,6,21.14285714,148,4.571428571,32,13,47,27.7,5,20,25,1,2,50,1,7,1.142857143,8,3.571428571,25,2.428571429,17,0.285714286,2,0,0,2.142857143,15,68.1,0,0,-38,0,0
Darius Miller,OKC,30,10,3,7,9.8,98,3.1,31,10,23,43.5,8,20,40,3,3,100,1,13,1.4,14,0.8,8,0.3,3,0.4,4,0.3,3,0.8,8,77.8,0,0,33,0,0
Thon Maker,CLE,23,8,3,5,9.5,76,3.75,30,10,18,55.6,0,2,0,10,11,90.9,8,10,2.25,18,0.5,4,0.375,3,0.25,2,0.5,4,0.875,7,72.6,0,0,-18,0,0
JaKarr Sampson,IND,27,13,7,6,6,78,2.307692308,30,11,25,44,0,3,0,8,10,80,7,19,2,26,0,0,0.230769231,3,0.076923077,1,0.230769231,3,0.692307692,9,70.2,0,0,25,0,0
Miye Oni,UTA,23,22,20,2,7.727272727,170,1.318181818,29,8,29,27.6,8,25,32,5,6,83.3,11,29,1.818181818,40,0.272727273,6,0.318181818,7,0.136363636,3,0.181818182,4,1.045454545,23,100,0,0,8,0,0
Malachi Flynn,TOR,22,13,9,4,8.153846154,106,2.230769231,29,11,39,28.2,5,23,21.7,2,4,50,1,8,0.692307692,9,1.230769231,16,0.307692308,4,0.307692308,4,0,0,0.769230769,10,71.8,0,0,-11,0,0
Kyle Guy,SAC,23,10,2,8,7.9,79,2.9,29,9,32,28.1,4,16,25,7,8,87.5,3,9,1.2,12,1.3,13,0.1,1,0.4,4,0,0,0.5,5,73.9,0,0,17,0,0
Nathan Knight,ATL,23,9,5,4,6,54,3.111111111,28,9,22,40.9,3,9,33.3,7,8,87.5,8,6,1.555555556,14,0.111111111,1,0.444444444,4,0.222222222,2,0.333333333,3,0.777777778,7,57.3,0,0,-7,0,0
Onyeka Okongwu,ATL,20,9,4,5,10.33333333,93,3,27,10,19,52.6,0,0,0,7,12,58.3,6,19,2.777777778,25,0.444444444,4,0.555555556,5,0.444444444,4,0.666666667,6,1.666666667,15,88,0,0,-9,0,0
Bruno Fernando,ATL,22,14,7,7,9.214285714,129,1.928571429,27,9,21,42.9,0,2,0,9,15,60,12,39,3.642857143,51,0.642857143,9,0.857142857,12,0.142857143,2,0.142857143,2,1,14,101.7,0,0,5,0,0
Ryan Arcidiacono,CHI,26,10,5,5,10,100,2.6,26,8,22,36.4,6,15,40,4,5,80,1,19,2,20,1.5,15,0.2,2,0.3,3,0,0,1,10,79.5,0,0,38,0,0
Quinn Cook,LAL,27,15,11,4,3.4,51,1.733333333,26,9,21,42.9,4,11,36.4,4,5,80,0,5,0.333333333,5,0.333333333,5,0.2,3,0.066666667,1,0,0,0.133333333,2,39.5,0,0,-8,0,0
Paul Watson,TOR,26,13,8,5,3.230769231,42,2,26,9,14,64.3,8,11,72.7,0,0,0,1,8,0.692307692,9,0.153846154,2,0.076923077,1,0,0,0.153846154,2,0.538461538,7,44.8,0,0,-27,0,0
Frank Mason,ORL,26,4,1,3,19.75,79,6.25,25,9,24,37.5,2,5,40,5,7,71.4,3,9,3,12,3,12,1.25,5,0,0,0,0,1.75,7,52.4,0,0,-19,0,0
Alfonzo McKinnie,LAL,28,14,11,3,3.142857143,44,1.785714286,25,10,16,62.5,3,5,60,2,4,50,6,6,0.857142857,12,0.071428571,1,0.071428571,1,0.071428571,1,0,0,0.285714286,4,42.9,0,0,-6,0,0
Rodney McGruder,DET,29,8,2,6,8,64,3,24,9,19,47.4,3,7,42.9,3,3,100,3,6,1.125,9,0.75,6,0.5,4,0,0,0.125,1,0.5,4,42.8,0,0,-25,0,0
Nicolo Melli,NOP,30,12,5,7,11.25,135,1.916666667,23,7,27,25.9,5,21,23.8,4,5,80,2,25,2.25,27,0.916666667,11,0.5,6,0.5,6,0.083333333,1,1.333333333,16,86.9,0,0,10,0,0
Kenyon Martin Jr.,HOU,20,7,4,3,9.857142857,69,3.285714286,23,10,27,37,1,4,25,2,5,40,8,11,2.714285714,19,0.571428571,4,0.714285714,5,0.285714286,2,0.714285714,5,1.285714286,9,67.8,0,0,24,0,0
Dante Exum,HOU,25,6,3,3,19.33333333,116,3.833333333,23,10,26,38.5,2,11,18.2,1,2,50,2,15,2.833333333,17,2.166666667,13,1.166666667,7,0.666666667,4,0.333333333,2,1.5,9,73.9,0,0,6,0,0
Chris Silva,MIA,24,6,2,4,8.833333333,53,3.833333333,23,6,9,66.7,1,1,100,10,12,83.3,7,11,3,18,1,6,1.333333333,8,0.166666667,1,0.333333333,2,2.333333333,14,54.6,0,0,-6,0,0
Tremont Waters,BOS,23,9,5,4,10,90,2.444444444,22,6,27,22.2,3,12,25,7,8,87.5,2,6,0.888888889,8,2.777777778,25,1.444444444,13,0.555555556,5,0,0,0.666666667,6,71.1,0,0,-26,0,0
Taj Gibson,NYK,35,7,5,2,13.28571429,93,3.142857143,22,9,17,52.9,1,4,25,3,6,50,8,11,2.714285714,19,0.571428571,4,0.142857143,1,0,0,0.285714286,2,1.857142857,13,55.8,0,0,11,0,0
Dennis Smith Jr.,DET,23,6,3,3,11.33333333,68,3.666666667,22,7,24,29.2,1,8,12.5,7,9,77.8,2,6,1.333333333,8,1.666666667,10,0.833333333,5,0.5,3,0.166666667,1,0.833333333,5,53.6,0,0,6,0,0
Moses Brown,OKC,21,7,1,6,4.428571429,31,3,21,7,10,70,0,0,0,7,14,50,4,11,2.142857143,15,0.428571429,3,0.142857143,1,0.142857143,1,0.571428571,4,0.571428571,4,57.5,0,0,-11,0,0
Spencer Dinwiddie,BKN,27,3,2,1,21.33333333,64,6.666666667,20,6,16,37.5,2,7,28.6,6,6,100,0,13,4.333333333,13,3,9,1.666666667,5,0.666666667,2,0.333333333,1,1.333333333,4,53.1,0,0,42,0,0
Daniel Oturu,LAC,21,10,8,2,4.2,42,2,20,9,15,60,0,1,0,2,2,100,5,9,1.4,14,0.4,4,0.2,2,0,0,0.3,3,0.6,6,49.8,0,0,12,0,0
Yogi Ferrell,CLE,27,2,0,2,20.5,41,9.5,19,8,21,38.1,3,9,33.3,0,2,0,3,4,3.5,7,2.5,5,1.5,3,1.5,3,0.5,1,2,4,43.9,0,0,-11,0,0
Tacko Fall,BOS,25,6,5,1,8.166666667,49,3.166666667,19,8,12,66.7,0,0,0,3,8,37.5,8,13,3.5,21,0,0,0.166666667,1,0,0,1.333333333,8,1.5,9,67.2,0,0,27,0,0
Kevin Love,CLE,32,2,2,0,23,46,9.5,19,6,18,33.3,3,9,33.3,4,5,80,2,10,6,12,2.5,5,1.5,3,0.5,1,0,0,0.5,1,40.9,0,0,16,0,0
Tre Jones,SAS,21,9,4,5,3,27,2,18,6,12,50,1,1,100,5,5,100,4,0,0.444444444,4,0.111111111,1,0.222222222,2,0,0,0,0,0.222222222,2,22.3,0,0,-13,0,0
Saben Lee,DET,21,8,3,5,8.75,70,2.25,18,5,14,35.7,0,1,0,8,10,80,1,2,0.375,3,1,8,0.625,5,0.5,4,0.125,1,1.125,9,43.6,0,0,1,0,0
Paul Reed,PHI,21,5,2,3,11,55,3.6,18,9,22,40.9,0,3,0,0,0,0,7,3,2,10,0.6,3,1,5,0.2,1,0.8,4,0.8,4,44.5,0,0,17,0,0
Frank Ntilikina,NYK,22,4,2,2,10.5,42,4.5,18,6,14,42.9,5,9,55.6,1,3,33.3,1,3,1,4,0.75,3,0.5,2,0.75,3,0,0,1.75,7,34.3,0,0,0,0,0
Shaquille Harrison,UTA,27,15,13,2,3.533333333,53,1.133333333,17,6,19,31.6,0,1,0,5,6,83.3,3,6,0.6,9,0.466666667,7,0.333333333,5,0.133333333,2,0,0,0.2,3,39.3,0,0,-55,0,0
Bruno Caboclo,HOU,25,6,1,5,6,36,2.833333333,17,8,17,47.1,0,5,0,1,2,50,3,11,2.333333333,14,0.166666667,1,0.666666667,4,0,0,0.333333333,2,1,6,37.3,0,0,0,0,0
Bol Bol,DEN,21,12,8,4,5.416666667,65,1.416666667,17,7,16,43.8,2,6,33.3,1,2,50,0,9,0.75,9,0.166666667,2,0.416666667,5,0.083333333,1,0.333333333,4,0.583333333,7,40.8,0,0,-41,0,0
Rodions Kurucs,HOU,23,14,7,7,5.214285714,73,1.142857143,16,6,20,30,3,14,21.4,1,2,50,2,10,0.857142857,12,0.285714286,4,0.5,7,0.357142857,5,0.142857143,2,0.571428571,8,50.4,0,0,-10,0,0
Elijah Hughes,UTA,22,6,5,1,4.5,27,2.666666667,16,5,15,33.3,3,10,30,3,4,75,0,4,0.666666667,4,0.5,3,0.666666667,4,0.166666667,1,0.166666667,1,0,0,27.3,0,0,-24,0,0
Mfiondu Kabengele,LAC,23,16,14,2,4,64,0.9375,15,5,20,25,2,11,18.2,3,4,75,1,9,0.625,10,0.1875,3,0.3125,5,0.125,2,0.125,2,0.875,14,38.5,0,0,-4,0,0
Markus Howard,DEN,21,13,8,5,2.923076923,38,1.153846154,15,6,25,24,3,18,16.7,0,0,0,0,4,0.307692308,4,0.307692308,4,0.230769231,3,0,0,0,0,0.384615385,5,22.8,0,0,-29,0,0
Juwan Morgan,UTA,23,11,9,2,5.636363636,62,1.363636364,15,6,13,46.2,3,9,33.3,0,3,0,3,10,1.181818182,13,0.272727273,3,0.181818182,2,0.272727273,3,0,0,0.909090909,10,42.1,0,0,-39,0,0
Sam Merrill,MIL,24,9,5,4,6.111111111,55,1.555555556,14,4,10,40,4,8,50,2,2,100,3,7,1.111111111,10,1.111111111,10,0.333333333,3,0.111111111,1,0,0,0.333333333,3,41,0,0,3,0,0
Kelan Martin,IND,25,11,6,5,3.909090909,43,1.272727273,14,6,18,33.3,2,8,25,0,0,0,1,10,1,11,0,0,0.363636364,4,0.181818182,2,0,0,0.363636364,4,29.2,0,0,0,0,0
Jalen Smith,PHX,20,8,4,4,6.25,50,1.75,14,6,17,35.3,2,7,28.6,0,2,0,5,5,1.25,10,0.25,2,0.125,1,0,0,0.25,2,0.375,3,34,0,0,-8,0,0
Robert Woodard II,SAC,21,6,1,5,2.833333333,17,2.166666667,13,6,11,54.5,1,3,33.3,0,2,0,3,5,1.333333333,8,0,0,0.166666667,1,0,0,0,0,0,0,21.6,0,0,7,0,0
Marquese Chriss,GSW,23,2,0,2,13.5,27,6.5,13,5,14,35.7,1,5,20,2,4,50,3,10,6.5,13,1,2,1,2,0,0,1,2,1.5,3,35.6,0,0,-25,0,0
Justin James,SAC,24,8,1,7,6.25,50,1.625,13,6,15,40,0,4,0,1,7,14.3,2,5,0.875,7,0.375,3,0,0,0.125,1,0.125,1,0.125,1,31.9,0,0,-12,0,0
Damian Jones,PHX,25,11,8,3,7.090909091,78,1.181818182,13,4,10,40,0,1,0,5,9,55.6,7,9,1.454545455,16,0,0,0.454545455,5,0.090909091,1,0.454545455,5,1.636363636,18,45.2,0,0,-41,0,0
Chandler Hutchison,CHI,24,7,2,5,9.142857143,64,1.857142857,13,5,18,27.8,1,3,33.3,2,2,100,1,19,2.857142857,20,0.571428571,4,0.714285714,5,0.142857143,1,0,0,1.285714286,9,41,0,0,11,0,0
Cassius Winston,WAS,22,6,1,5,7.333333333,44,2.166666667,13,4,10,40,3,7,42.9,2,2,100,0,4,0.666666667,4,1,6,0.166666667,1,0,0,0.166666667,1,0.666666667,4,28.8,0,0,-23,0,0
Udoka Azubuike,UTA,21,12,11,1,4.083333333,49,1,12,4,7,57.1,0,0,0,4,6,66.7,4,9,1.083333333,13,0,0,0.25,3,0.083333333,1,0.333333333,4,0.666666667,8,39.6,0,0,-62,0,0
Maurice Harkless,MIA,27,10,4,6,10.9,109,1.2,12,4,10,40,4,8,50,0,2,0,1,8,0.9,9,0.7,7,0.2,2,0.2,2,0.3,3,1.2,12,46.3,0,0,-35,0,0
Josh Hall,OKC,20,7,0,7,7.285714286,51,1.714285714,12,4,18,22.2,1,8,12.5,3,7,42.9,1,8,1.285714286,9,1,7,0.571428571,4,0,0,0,0,1,7,29.3,0,0,-21,0,0
Tyrell Terry,DAL,20,11,2,9,5.090909091,56,1,11,5,16,31.3,0,7,0,1,3,33.3,0,6,0.545454545,6,0.545454545,6,0.181818182,2,0.454545455,5,0,0,0.181818182,2,40.2,0,0,0,0,0
Nick Richards,CHA,23,8,5,3,2.875,23,1.375,11,3,6,50,0,0,0,5,6,83.3,2,4,0.75,6,0,0,0.125,1,0,0,0,0,0.5,4,17.2,0,0,19,0,0
Frank Jackson,DET,22,7,2,5,5.571428571,39,1.571428571,11,4,16,25,3,10,30,0,0,0,0,5,0.714285714,5,1.142857143,8,0.571428571,4,0.142857143,1,0,0,0.571428571,4,28,0,0,7,0,0
Cristiano Felicio,CHI,28,6,1,5,6.333333333,38,1.833333333,11,3,4,75,0,0,0,5,8,62.5,6,6,2,12,0.833333333,5,0.5,3,0.333333333,2,0,0,0.5,3,35.9,0,0,3,0,0
Adam Mokoka,CHI,22,7,1,6,6,42,1.571428571,11,5,14,35.7,1,8,12.5,0,0,0,1,3,0.571428571,4,0.571428571,4,0.285714286,2,0.285714286,2,0.142857143,1,0.714285714,5,28.8,0,0,-11,0,0
Sindarius Thornwell,NOP,26,9,4,5,5.333333333,48,1.111111111,10,4,11,36.4,2,5,40,0,2,0,1,2,0.333333333,3,0.222222222,2,0.111111111,1,0.444444444,4,0,0,0.333333333,3,27.6,0,0,24,0,0
Meyers Leonard,MIA,28,3,2,1,9.666666667,29,3.333333333,10,3,7,42.9,3,7,42.9,1,2,50,0,7,2.333333333,7,0.666666667,2,0.666666667,2,0,0,0,0,1.666666667,5,19.4,0,0,-4,0,0
Jordan Bell,WAS,26,3,0,3,16.66666667,50,3.333333333,10,5,15,33.3,0,2,0,0,0,0,5,11,5.333333333,16,1.666666667,5,1,3,0.333333333,1,1,3,1.333333333,4,45.7,0,0,-37,0,0
Brodric Thomas,HOU,24,4,1,3,6,24,2.5,10,2,7,28.6,1,6,16.7,5,7,71.4,1,3,1,4,1,4,1,4,0.25,1,0.25,1,1.25,5,22.8,0,0,10,0,0
Anthony Gill,WAS,28,10,2,8,6.5,65,1,10,3,10,30,1,7,14.3,3,4,75,3,16,1.9,19,0.3,3,0.3,3,0.3,3,0.2,2,0.3,3,49.3,0,0,-31,0,0
Sean McDermott,MEM,24,4,2,2,14.25,57,2.25,9,3,9,33.3,1,6,16.7,2,2,100,3,4,1.75,7,0.75,3,0.75,3,0,0,0.25,1,0.5,2,21.9,0,0,-14,0,0
Nico Mannion,GSW,19,6,3,3,6,36,1.5,9,3,13,23.1,2,9,22.2,1,4,25,0,8,1.333333333,8,2,12,0.333333333,2,0.333333333,2,0,0,0.833333333,5,40.6,0,0,14,0,0
Luke Kornet,CHI,25,5,3,2,7.4,37,1.8,9,3,13,23.1,1,10,10,2,2,100,0,8,1.6,8,0.2,1,0.2,1,0.2,1,0,0,0.2,1,22.1,0,0,-7,0,0
Jarrell Brantley,UTA,24,7,6,1,2.857142857,20,1.285714286,9,3,7,42.9,3,5,60,0,0,0,1,3,0.571428571,4,0,0,0.142857143,1,0.142857143,1,0.142857143,1,0.571428571,4,18.8,0,0,-8,0,0
Cassius Stanley,IND,21,8,5,3,2.875,23,1.125,9,2,7,28.6,1,2,50,4,5,80,2,1,0.375,3,0,0,0.125,1,0,0,0.25,2,0.875,7,17.6,0,0,-2,0,0
Nate Hinton,DAL,21,6,1,5,3.166666667,19,1.333333333,8,3,13,23.1,1,5,20,1,2,50,0,0,0,0,0,0,0.333333333,2,0.166666667,1,0.166666667,1,0.166666667,1,12,0,0,-22,0,0
Marques Bolden,CLE,22,6,2,4,4.833333333,29,1.166666667,7,1,3,33.3,0,0,0,5,8,62.5,3,3,1,6,0,0,0.333333333,2,0.333333333,2,0.333333333,2,0,0,24.2,0,0,5,0,0
Luka Samanic,SAS,21,4,2,2,2.75,11,1.75,7,2,6,33.3,2,3,66.7,1,2,50,0,0,0,0,0,0,0,0,0,0,0,0,0,0,7,0,0,1,0,0
Karim Mane,ORL,20,6,2,4,9.333333333,56,1.166666667,7,1,9,11.1,1,2,50,4,4,100,0,10,1.666666667,10,0.166666667,1,0.5,3,0,0,0.166666667,1,0.5,3,20.5,0,0,-21,0,0
Vlatko Cancar,DEN,23,12,8,4,3.25,39,0.5,6,2,12,16.7,1,7,14.3,1,2,50,3,7,0.833333333,10,0,0,0.25,3,0.25,3,0.166666667,2,0.25,3,30,0,0,-49,0,0
Tyler Bey,DAL,23,4,1,3,3.25,13,1.5,6,2,5,40,0,0,0,2,4,50,2,1,0.75,3,0,0,0,0,0,0,0.25,1,0.5,2,12.6,0,0,-18,0,0
Norvel Pelle,BKN,28,3,1,2,9.333333333,28,2,6,3,7,42.9,0,0,0,0,0,0,3,4,2.333333333,7,0,0,1,3,0,0,1,3,3,9,20.4,0,0,-8,0,0
DaQuan Jeffries,SAC,23,3,0,3,13.66666667,41,2,6,3,12,25,0,6,0,0,0,0,2,4,2,6,0.666666667,2,0.666666667,2,1,3,0.666666667,2,1,3,29.2,0,0,18,0,0
Keita Bates-Diop,SAS,25,8,4,4,3.375,27,0.625,5,0,9,0,0,4,0,5,6,83.3,1,2,0.375,3,0.25,2,0,0,0.125,1,0,0,0,0,14.6,0,0,-41,0,0
Jalen Lecque,IND,20,3,2,1,3,9,1.666666667,5,1,4,25,0,1,0,3,3,100,1,3,1.333333333,4,0.666666667,2,0,0,0,0,0,0,0,0,12.8,0,0,-3,0,0
Jahmi'us Ramsey,SAC,19,4,0,4,4,16,1.25,5,2,4,50,1,3,33.3,0,0,0,0,4,1,4,0.25,1,0.25,1,0,0,0.25,1,0,0,13.3,0,0,9,0,0
Vincent Poirier,PHI,27,4,2,2,4.5,18,1,4,1,3,33.3,0,0,0,2,4,50,2,2,1,4,0.25,1,0.25,1,0,0,0.5,2,0.25,1,15.3,0,0,-6,0,0
Tim Frazier,MEM,30,3,3,0,11,33,1.333333333,4,2,8,25,0,2,0,0,0,0,0,4,1.333333333,4,2.333333333,7,1,3,0.333333333,1,0,0,1.333333333,4,19.3,0,0,6,0,0
Ray Spalding,HOU,23,2,0,2,9.5,19,2,4,2,4,50,0,1,0,0,2,0,2,2,2,4,0,0,1.5,3,0,0,1,2,1.5,3,11.8,0,0,-7,0,0
Quinndary Weatherspoon,SAS,24,5,2,3,4.8,24,0.8,4,1,5,20,0,1,0,2,2,100,0,2,0.4,2,0.6,3,1.2,6,0.2,1,0,0,1.4,7,7.9,0,0,-37,0,0
Devon Dotson,CHI,21,1,0,1,10,10,4,4,2,4,50,0,0,0,0,0,0,0,1,1,1,0,0,0,0,0,0,0,0,1,1,5.2,0,0,-2,0,0
Vernon Carey Jr.,CHA,19,3,2,1,2,6,1,3,1,3,33.3,0,1,0,1,2,50,2,1,1,3,0.333333333,1,0,0,0,0,0.333333333,1,0,0,11.1,0,0,4,0,0
Jared Dudley,LAL,35,6,5,1,3.666666667,22,0.5,3,1,1,100,1,1,100,0,0,0,1,5,1,6,0.166666667,1,0,0,0,0,0,0,0,0,11.7,0,0,14,0,0
Brian Bowen II,IND,22,1,0,1,5,5,3,3,1,2,50,0,0,0,1,1,100,0,1,1,1,0,0,0,0,0,0,0,0,0,0,4.2,0,0,-7,0,0
Trent Forrest,UTA,22,3,2,1,3.333333333,10,0.666666667,2,0,1,0,0,1,0,2,2,100,0,0,0,0,0.333333333,1,0,0,0.666666667,2,0,0,0.666666667,2,9.5,0,0,-12,0,0
Theo Pinson,NYK,25,9,4,5,2.333333333,21,0.222222222,2,1,7,14.3,0,6,0,0,0,0,0,1,0.111111111,1,0,0,0,0,0,0,0,0,0.333333333,3,3.2,0,0,-13,0,0
Keljin Blevins,POR,25,8,4,4,4.75,38,0.25,2,1,9,11.1,0,3,0,0,0,0,0,0,0,0,0.5,4,0.375,3,0.25,2,0,0,0.5,4,11,0,0,-10,0,0
Jaylen Adams,MIL,24,6,5,1,2.833333333,17,0.333333333,2,1,8,12.5,0,2,0,0,0,0,0,3,0.5,3,0.333333333,2,0,0,0,0,0,0,0.166666667,1,8.6,0,0,-13,0,0
Jared Harper,NYK,23,2,1,1,2.5,5,1,2,0,1,0,0,0,0,2,2,100,0,0,0,0,0,0,1,2,0,0,0,0,0,0,0,0,0,-3,0,0
Ignas Brazdeikis,NYK,22,4,2,2,1.75,7,0.5,2,0,1,0,0,0,0,2,2,100,1,1,0.5,2,0.25,1,0.25,1,0,0,0,0,0,0,4.9,0,0,-6,0,0
Devontae Cacok,LAL,24,1,0,1,2,2,2,2,1,1,100,0,0,0,0,0,0,0,0,0,0,0,0,0,0,0,0,0,0,0,0,2,0,0,2,0,0
Naji Marshall,NOP,23,3,0,3,2.666666667,8,0.333333333,1,0,2,0,0,1,0,1,2,50,0,2,0.666666667,2,0.333333333,1,0,0,0,0,0,0,0,0,4.9,0,0,15,0,0
Wenyen Gabriel,NOP,23,3,2,1,3.333333333,10,0,0,0,3,0,0,1,0,0,0,0,1,3,1.333333333,4,0.333333333,1,0,0,0,0,0,0,0,0,6.3,0,0,7,0,0
Ty-Shon Alexander,PHX,22,3,2,1,2.666666667,8,0,0,0,3,0,0,1,0,0,0,0,0,1,0.333333333,1,0.333333333,1,0,0,0,0,0,0,0.333333333,1,2.7,0,0,-9,0,0
Terrance Ferguson,PHI,22,7,4,3,3.428571429,24,0,0,0,3,0,0,3,0,0,0,0,0,1,0.142857143,1,0.285714286,2,0.142857143,1,0,0,0,0,0.428571429,3,3.2,0,0,-4,0,0
Noah Vonleh,BKN,25,3,2,1,2.666666667,8,0,0,0,2,0,0,1,0,0,0,0,0,1,0.333333333,1,0.333333333,1,0.666666667,2,0,0,0,0,0.666666667,2,0.7,0,0,-7,0,0
Kostas Antetokounmpo,LAL,23,1,1,0,8,8,0,0,0,2,0,0,0,0,0,0,0,0,4,4,4,0,0,2,2,0,0,2,2,1,1,8.8,0,0,0,0,0
Jalen Harris,TOR,22,2,2,0,2,4,0,0,0,0,0,0,0,0,0,0,0,1,0,0.5,1,0,0,0.5,1,0,0,0,0,1,2,0.2,0,0,1,0,0
Deividas Sirvydis,DET,20,4,2,2,1.25,5,0,0,0,2,0,0,2,0,0,0,0,0,0,0,0,0.25,1,0,0,0,0,0,0,0,0,1.5,0,0,3,0,0
Ashton Hagans,MIN,21,2,0,2,2,4,0,0,0,0,0,0,0,0,0,0,0,0,0,0,0,0,0,0.5,1,0,0,0,0,0,0,-1,0,0,-3,0,0
Anzejs Pasecniks,WAS,25,1,1,0,6,6,0,0,0,1,0,0,1,0,0,0,0,1,0,1,1,1,1,5,5,0,0,0,0,2,2,-2.3,0,0,-13,0,0
Al-Farouq Aminu,ORL,30,1,0,1,5,5,0,0,0,0,0,0,0,0,0,2,0,0,1,1,1,1,1,1,1,0,0,0,0,0,0,1.7,0,0,-7,0,0
